"","Region","LocalityName","LocalityCode","Treatment","Year","Years_Since_Exclosure","Birch_Volume_m3","Birch_Volume_m3_ha","Pine_Volume_m3","Pine_Volume_m3_ha","Spruce_Volume_m3","Spruce_Volume_m3_ha"
"1","Trøndelag","steinkjer_1bbb","1BBB","B",2009,1,0.000679190063157895,0.135120569813094,0.000166408143480368,0.0331058482570574,0.00151175058396055,0.300753222699226
"2","Trøndelag","steinkjer_1bbb","1BBB","B",2010,2,0.00154387983157895,0.30714513341959,0.000166408143480368,0.0331058482570574,0.00307052296911498,0.610861135514815
"3","Trøndelag","steinkjer_1bbb","1BBB","B",2011,3,0.00172317456842105,0.342814687968067,0.000166408143480368,0.0331058482570574,0.00409905268621854,0.815480621257241
"4","Trøndelag","steinkjer_1bbb","1BBB","B",2012,4,0.00279894298947368,0.556832015258929,0.000665632573921473,0.13242339302823,0.0034183882688814,0.680066737999777
"5","Trøndelag","steinkjer_1bbb","1BBB","B",2013,5,0.00441039621052632,0.877420447373783,0.000665632573921473,0.13242339302823,0.00670895406177004,1.33470400238394
"6","Trøndelag","steinkjer_1bbb","1BBB","B",2014,6,0.00412831141052632,0.821301459509923,0.000665632573921473,0.13242339302823,0.0172142940565793,3.42467498867753
"7","Trøndelag","steinkjer_1bbb","1BBB","B",2015,7,0.00512977456842105,1.02053622438913,0.000665632573921473,0.13242339302823,0.0369691084868933,7.35477044673701
"8","Trøndelag","steinkjer_1bbb","1BBB","B",2016,8,0.0213906698105263,4.2555385454898,0.000665632573921473,0.13242339302823,0.0442893459641837,8.81108542063365
"9","Trøndelag","steinkjer_1bbb","1BBB","B",2017,9,0.0234350314947368,4.66225137987702,0,0,0.0428846418375291,8.53162841396033
"10","Trøndelag","steinkjer_1bbb","1BBB","B",2018,10,0.0203180912842105,4.04215582759308,0,0,0.0477641123799636,9.502368234585
"11","Trøndelag","steinkjer_1bbb","1BBUB","UB",2009,1,0.000756560421052632,0.150512913447765,0,0,0.00197601868673761,0.393116427045307
"12","Trøndelag","steinkjer_1bbb","1BBUB","UB",2010,2,0.00139847221052632,0.278217206352391,0,0,0.00839807941863484,1.67074481494256
"13","Trøndelag","steinkjer_1bbb","1BBUB","UB",2011,3,0.00318536315789474,0.633707865152197,0,0,0.00617505839605503,1.22848883451659
"14","Trøndelag","steinkjer_1bbb","1BBUB","UB",2012,4,0.00272446463157895,0.542015016743537,0,0,0.0177841681806385,3.53804784340776
"15","Trøndelag","steinkjer_1bbb","1BBUB","UB",2013,5,0.00565633473684211,1.12529204143852,0,0,0.0219832078899559,4.37342025087904
"16","Trøndelag","steinkjer_1bbb","1BBUB","UB",2014,6,0.00643202021052632,1.2796097632153,0,0,0.0279112639501686,5.55276953201495
"17","Trøndelag","steinkjer_1bbb","1BBUB","UB",2015,7,0.00962274063157894,1.91438342200877,0,0,0.0311222943161172,6.19158372596357
"18","Trøndelag","steinkjer_1bbb","1BBUB","UB",2016,8,0.0287702894736842,5.72366722990196,0,0,0.0311222943161172,6.19158372596357
"19","Trøndelag","steinkjer_1bbb","1BBUB","UB",2017,9,0.0304448882105263,6.05681806323179,0,0,0.0313692966519595,6.24072327934424
"20","Trøndelag","steinkjer_1bbb","1BBUB","UB",2018,10,0.0395734547368421,7.87288867073975,0,0,0.0385323643913832,7.66577032738347
"21","Telemark","nome_cappelen1","1CAB","B",2010,1,0.000281255410526316,0.0559539860707543,0.000665632573921472,0.13242339302823,0.00060168699714508,0.119701824737198
"22","Telemark","nome_cappelen1","1CAB","B",2011,2,0.000787355705263157,0.156639440580296,0.00133126514784295,0.264846786056459,0.00060168699714508,0.119701824737198
"23","Telemark","nome_cappelen1","1CAB","B",2012,3,0.000966650442105263,0.192308995128773,0.00199689772176442,0.397270179084689,0.00060168699714508,0.119701824737198
"24","Telemark","nome_cappelen1","1CAB","B",2013,4,0.00102499006315789,0.203915293964566,0.00399379544352884,0.79454035816938,0.00060168699714508,0.119701824737198
"25","Telemark","nome_cappelen1","1CAB","B",2014,5,0.0011299795368421,0.224802286101389,0.00482583616093068,0.960069599454667,0.00060168699714508,0.119701824737198
"26","Telemark","nome_cappelen1","1CAB","B",2015,6,0.00141426374736842,0.28135883278669,0.00898603974793989,1.7877158058811,0.00113192966519595,0.225190251810362
"27","Telemark","nome_cappelen1","1CAB","B",2016,7,0.00213034298947368,0.423818271569878,0.013978284052351,2.78089125359283,0.00181259408253309,0.360604135067825
"28","Telemark","nome_cappelen1","1CAB","B",2017,8,0.00189380833684211,0.376761197596328,0.00815399903053805,1.62218656459582,0.00098150791590968,0.195264795626062
"29","Telemark","nome_cappelen1","1CAB","B",2018,9,0.00234142164210526,0.465811035254244,0.0232971400872516,4.63481875598805,0.00352178821697379,0.700637504067714
"30","Telemark","nome_cappelen1","1CAUB","UB",2010,1,9.90509473684211e-05,0.0197055598645242,0.000272055865244789,0.0541237946885635,0.0130911237996366,2.60439632917515
"31","Telemark","nome_cappelen1","1CAUB","UB",2011,2,0.000184254105263158,0.0366561895470075,0.000272055865244789,0.0541237946885635,0.000741007007526603,0.14741866014199
"32","Telemark","nome_cappelen1","1CAUB","UB",2012,3,0.000184254105263158,0.0366561895470075,0.000634797018904508,0.126288854273315,0.0130911237996366,2.60439632917515
"33","Telemark","nome_cappelen1","1CAUB","UB",2013,4,0.000184254105263158,0.0366561895470075,0.00181370576829859,0.360825297923756,0.0130911237996366,2.60439632917515
"34","Telemark","nome_cappelen1","1CAUB","UB",2014,5,0.000502361894736843,0.0999417234604737,0.0033553556713524,0.66752680115895,0.0130911237996366,2.60439632917515
"35","Telemark","nome_cappelen1","1CAUB","UB",2015,6,0.000502361894736843,0.0999417234604737,0.00562248788172564,1.11855842356364,0.0130911237996366,2.60439632917515
"36","Telemark","nome_cappelen1","1CAUB","UB",2016,7,0.000502361894736843,0.0999417234604737,0.0082523612457586,1.64175510555309,0.0130911237996366,2.60439632917515
"37","Telemark","nome_cappelen1","1CAUB","UB",2017,8,0.000525066736842105,0.104458708276941,0.0118797727823558,2.36340570140061,0.0130911237996366,2.60439632917515
"38","Telemark","nome_cappelen1","1CAUB","UB",2018,9,0.000701169263157895,0.139493192719601,0.0107008640329617,2.12886925775016,0.0130911237996366,2.60439632917515
"39","Telemark","drangedal1","1DRB","B",2010,1,0.000206950147368421,0.0411714236591005,0.000665632573921472,0.13242339302823,0.00231088113158578,0.459735193737087
"40","Telemark","drangedal1","1DRB","B",2011,2,0.000534855410526316,0.106406103030885,0.00199689772176442,0.397270179084689,0.0039561640280301,0.787053825929168
"41","Telemark","drangedal1","1DRB","B",2012,3,0.00104205541052632,0.207310336951147,0.00615710130877364,1.22491638551113,0.00531749286270438,1.05788159244409
"42","Telemark","drangedal1","1DRB","B",2013,4,0.00104205541052632,0.207310336951147,0.00981808046534173,1.95324504716639,0.00599815728004152,1.19329547570156
"43","Telemark","drangedal1","1DRB","B",2014,5,0.00265570804210526,0.52833632788744,0.017140038778478,3.40990237047692,0.00652839994809239,1.29878390277472
"44","Telemark","drangedal1","1DRB","B",2015,6,0.00468821886315789,0.932691507960306,0.0239627726611731,4.76724214901628,0.00994678821697379,1.9788506407745
"45","Telemark","drangedal1","1DRB","B",2016,7,0.00474655848421053,0.944297806796099,0.0324495879786718,6.45564041012621,0.00994678821697379,1.9788506407745
"46","Telemark","drangedal1","1DRB","B",2017,8,0.00476252412631579,0.94747407037196,0.0392723218613669,7.81298018866556,0.012327290423047,2.45243650719664
"47","Telemark","drangedal1","1DRB","B",2018,9,0.00432962938947369,0.861352398863353,0.0465942801745031,9.26963751197609,0.012327290423047,2.45243650719664
"48","Telemark","drangedal1","1DRUB","UB",2010,1,0.000496665684210527,0.0988084983827796,9.06852884149297e-05,0.0180412648961878,0.000988009343368804,0.196558213522654
"49","Telemark","drangedal1","1DRUB","UB",2011,2,0.000709320842105264,0.141114897823948,9.06852884149297e-05,0.0180412648961878,0.000988009343368804,0.196558213522654
"50","Telemark","drangedal1","1DRUB","UB",2012,3,0.0017854,0.355194044245338,0.000362741153659719,0.0721650595847513,0.00296402803010641,0.58967464056796
"51","Telemark","drangedal1","1DRUB","UB",2013,4,0.0019274052631579,0.383445093716144,0.000816167595734367,0.16237138406569,0.00592805606021282,1.17934928113592
"52","Telemark","drangedal1","1DRUB","UB",2014,5,0.00350085557894737,0.696473088050391,0.00145096461463888,0.288660238339006,0.00815107708279263,1.62160526156189
"53","Telemark","drangedal1","1DRUB","UB",2015,6,0.0058127332631579,1.15640653963283,0.00145096461463888,0.288660238339006,0.00889208409031923,1.76902392170388
"54","Telemark","drangedal1","1DRUB","UB",2016,7,0.00775688821052632,1.54318387714564,0.00226713221037324,0.451031622404695,0.0150671424863743,2.99751275622047
"55","Telemark","drangedal1","1DRUB","UB",2017,8,0.0101927981052632,2.02779275298792,0.00326467038293747,0.649485536262762,0.0229712172333247,4.56997846440169
"56","Telemark","drangedal1","1DRUB","UB",2018,9,0.0105919037894737,2.10719230606064,0.00444357913233156,0.884021979913204,0.0229712172333247,4.56997846440169
"57","Telemark","fritsoe1","1FRB","B",2010,1,0.000175018863157895,0.0348188965073787,0,0,0.00196301583181936,0.390529591252125
"58","Telemark","fritsoe1","1FRB","B",2011,2,0.000291698105263158,0.0580314941789645,0.000166408143480368,0.0331058482570574,0.00367220996626006,0.730562960252013
"59","Telemark","fritsoe1","1FRB","B",2012,3,0.000233358484210526,0.0464251953431716,0.000832040717401841,0.165529241285287,0.00634602257980794,1.26250107818652
"60","Telemark","fritsoe1","1FRB","B",2013,4,0.000291698105263158,0.0580314941789645,0.000832040717401841,0.165529241285287,0.0110618284453672,2.20068084589342
"61","Telemark","fritsoe1","1FRB","B",2014,5,0.000545298105263158,0.108483611139095,0.00232971400872516,0.463481875598805,0.0141136387230729,2.8078192097378
"62","Telemark","fritsoe1","1FRB","B",2015,6,0.000233358484210526,0.0464251953431716,0.00282893843916627,0.562799420369978,0.0205518816506618,4.08866694317806
"63","Telemark","fritsoe1","1FRB","B",2016,7,0.000561263747368421,0.111659874714956,0.00216330586524479,0.430376027341748,0.0292051388528419,5.8101777651437
"64","Telemark","fritsoe1","1FRB","B",2017,8,0.000577229389473684,0.114836138290817,0.00748836645661657,1.48976317156759,0.0341391642875681,6.79177093674096
"65","Telemark","fritsoe1","1FRB","B",2018,9,0.000577229389473684,0.114836138290817,0.00565787687833253,1.12559884073996,0.0415796911497534,8.27201672339698
"66","Telemark","fritsoe1","1FRUB","UB",2010,1,0.000367802736842105,0.0731720295639358,0.000272055865244789,0.0541237946885635,0.00617505839605502,1.22848883451658
"67","Telemark","fritsoe1","1FRUB","UB",2011,2,0.00146841663157895,0.292132206792675,0.000272055865244789,0.0541237946885635,0.00839807941863483,1.67074481494256
"68","Telemark","fritsoe1","1FRUB","UB",2012,3,0.00476142884210526,0.947256170501716,0.000272055865244789,0.0541237946885635,0.0140791331430054,2.80095454269781
"69","Telemark","fritsoe1","1FRUB","UB",2013,4,0.00687037389473684,1.36681745779611,0.00136027932622395,0.270618973442817,0.0247002335842201,4.91395533806634
"70","Telemark","fritsoe1","1FRUB","UB",2014,5,0.0111067635789474,2.20962040667813,0.00281124394086283,0.559279211781823,0.0375443550480145,7.46921211386083
"71","Telemark","fritsoe1","1FRUB","UB",2015,6,0.0144497572631579,2.87468786863699,0.00344604095976733,0.685568066055137,0.0442134181157539,8.79598005513874
"72","Telemark","fritsoe1","1FRUB","UB",2016,7,0.015645583368421,3.11258991330069,0.00553180259331072,1.10051715866746,0.0545875162211263,10.8598412971266
"73","Telemark","fritsoe1","1FRUB","UB",2017,8,0.0241699151578947,4.80845183936334,0.00807099066892875,1.60567257576072,0.0498944718401245,9.92618978289399
"74","Telemark","fritsoe1","1FRUB","UB",2018,9,0.0211637077894737,4.21038588605898,0.0121518286476006,2.41752949608917,0.0597745652738125,11.8917719181205
"75","Telemark","furesdal","1FYB","B",2010,1,0.0002536,0.0504521169601308,0.000665632573921472,0.13242339302823,0.00060168699714508,0.119701824737198
"76","Telemark","furesdal","1FYB","B",2011,2,0.000927157894736842,0.184452202467554,0.000665632573921472,0.13242339302823,0.00060168699714508,0.119701824737198
"77","Telemark","furesdal","1FYB","B",2012,3,0.000927157894736842,0.184452202467554,0.00183048957828405,0.364164330827632,0.00060168699714508,0.119701824737198
"78","Telemark","furesdal","1FYB","B",2013,4,0.000927157894736842,0.184452202467554,0.00299534658264663,0.595905268627034,0.00060168699714508,0.119701824737198
"79","Telemark","furesdal","1FYB","B",2014,5,0.00142142105263158,0.282782733426501,0.00449301987396995,0.893857902940552,0.00060168699714508,0.119701824737198
"80","Telemark","furesdal","1FYB","B",2015,6,0.00202067368421053,0.402000256522272,0.00549146873485216,1.0924929924829,0.00060168699714508,0.119701824737198
"81","Telemark","furesdal","1FYB","B",2016,7,0.00272491578947368,0.542104771754863,0.00698914202617548,1.39044562679642,0.00128235141448222,0.255115707994662
"82","Telemark","furesdal","1FYB","B",2017,8,0.00272491578947368,0.542104771754863,0.00782118274357733,1.5559748680817,0.00060168699714508,0.119701824737198
"83","Telemark","furesdal","1FYB","B",2018,9,0.00287352631578947,0.571669896578171,0.0108165293262239,2.15188013670874,0.00128235141448222,0.255115707994662
"84","Telemark","furesdal","1FYUB","UB",2010,1,0.00059895747368421,0.119158803298345,0.000272055865244789,0.0541237946885635,0.0249472359200622,4.96309489144699
"85","Telemark","furesdal","1FYUB","UB",2011,2,0.000943716421052632,0.187746416609399,0.000272055865244789,0.0541237946885635,0.00172901635089541,0.343976873664644
"86","Telemark","furesdal","1FYUB","UB",2012,3,0.00101436631578947,0.201801766579762,0.000997538172564227,0.198453913858066,0.0269232546067998,5.3562113184923
"87","Telemark","furesdal","1FYUB","UB",2013,4,0.00165452821052631,0.329157928987813,0.00145096461463888,0.288660238339005,0.0237122242408512,4.71739712454367
"88","Telemark","furesdal","1FYUB","UB",2014,5,0.00228084231578947,0.453759161213825,0.00217644692195831,0.432990357508508,0.0237122242408512,4.71739712454367
"89","Telemark","furesdal","1FYUB","UB",2015,6,0.00228084231578947,0.453759161213825,0.00308329980610761,0.613403006470386,0.025935245263431,5.15965310496965
"90","Telemark","furesdal","1FYUB","UB",2016,7,0.002984208,0.593689318017974,0.00308329980610761,0.613403006470386,0.025935245263431,5.15965310496965
"91","Telemark","furesdal","1FYUB","UB",2017,8,0.002984208,0.593689318017974,0.00453426442074649,0.902063244809392,0.0269232546067999,5.3562113184923
"92","Telemark","furesdal","1FYUB","UB",2018,9,0.002984208,0.593689318017974,0.00598522903538537,1.1907234831484,0.0269232546067999,5.3562113184923
"93","Trøndelag","namdalseid_1kub","1KB","B",2009,1,0.00376269532631579,0.748564450664912,0,0,0.00128235141448222,0.255115707994662
"94","Trøndelag","namdalseid_1kub","1KB","B",2010,2,0.0048077795368421,0.956477348230604,0,0,0.00234283675058396,0.466092562140989
"95","Trøndelag","namdalseid_1kub","1KB","B",2011,3,0.00289209532631579,0.575364083845158,0,0,0.00272265766934856,0.541655533029853
"96","Trøndelag","namdalseid_1kub","1KB","B",2012,4,0.00147067427368421,0.292581350418656,0,0,0.00546038152089282,1.08630838777217
"97","Trøndelag","namdalseid_1kub","1KB","B",2013,5,0.00226105877894737,0.449823351613498,0,0,0.0098433882688814,1.95827987470656
"98","Trøndelag","namdalseid_1kub","1KB","B",2014,6,0.00326252193684211,0.649058116492707,0,0,0.0131885089540618,2.62377049006332
"99","Trøndelag","namdalseid_1kub","1KB","B",2015,7,0.00301002164210526,0.598824778943296,0,0,0.0221238969634051,4.40140945272712
"100","Trøndelag","namdalseid_1kub","1KB","B",2016,8,0.0217454010947368,4.3261100921791,0,0,0.0362715546327536,7.2159965167881
"101","Trøndelag","namdalseid_1kub","1KB","B",2017,9,0.0240509240421053,4.78477930903595,0,0,0.0361211328834674,7.1860710606038
"102","Trøndelag","namdalseid_1kub","1KB","B",2018,10,0.0213158436210526,4.24065234808047,0,0,0.0393553205294575,7.82949224903639
"103","Trøndelag","namdalseid_1kub","1KUB","UB",2009,1,0.000557753052631579,0.110961444188637,9.06852884149297e-05,0.0180412648961878,0.0155611471580586,3.09579186298178
"104","Trøndelag","namdalseid_1kub","1KUB","UB",2010,2,0.00136366947368421,0.271293421850457,0,0,0.018525175188165,3.68546650354974
"105","Trøndelag","namdalseid_1kub","1KUB","UB",2011,3,0.00349390842105263,0.695090994901157,0,0,0.0239592265766934,4.76653667792434
"106","Trøndelag","namdalseid_1kub","1KUB","UB",2012,4,0.00603132463157895,1.19989391063462,0,0,0.0301342849727485,5.99502551244092
"107","Trøndelag","namdalseid_1kub","1KUB","UB",2013,5,0.0112113507368421,2.23042736063173,0,0,0.0335923176745393,6.68297925977021
"108","Trøndelag","namdalseid_1kub","1KUB","UB",2014,6,0.0258084267368421,5.13442336074182,0,0,0.0696546587075006,13.8573540533471
"109","Trøndelag","namdalseid_1kub","1KUB","UB",2015,7,0.0274591075789474,5.462815880102,0,0,0.0521174928627043,10.36844576332
"110","Trøndelag","namdalseid_1kub","1KUB","UB",2016,8,0.0659402789473684,13.1184016791652,0,0,0.0741007007526601,14.741866014199
"111","Trøndelag","namdalseid_1kub","1KUB","UB",2017,9,0.0761572014736842,15.1509938332278,0,0,0.0750887100960288,14.9384242277216
"112","Trøndelag","namdalseid_1kub","1KUB","UB",2018,10,0.0752844549473684,14.977366428566,0,0,0.0896618479107187,17.8376578771808
"113","Telemark","kviteseid1","1KVB","B",2010,1,0.0013971984,0.277963789800109,0.00133126514784295,0.26484678605646,0.00015042174928627,0.0299254561842996
"114","Telemark","kviteseid1","1KVB","B",2011,2,0.00268089372631579,0.533346860559011,0.00133126514784295,0.26484678605646,0.00083108616662341,0.165339339441763
"115","Telemark","kviteseid1","1KVB","B",2012,3,0.0020688272,0.411580094103706,0.00216330586524479,0.430376027341748,0.00083108616662341,0.165339339441763
"116","Telemark","kviteseid1","1KVB","B",2013,4,0.00342778012631579,0.681935188669149,0.00416020358700921,0.827646206426437,0.00185961588372697,0.369958825184188
"117","Telemark","kviteseid1","1KVB","B",2014,5,0.00393278071578947,0.782401863767971,0.00565787687833253,1.12559884073996,0.00201003763301324,0.399884281368488
"118","Telemark","kviteseid1","1KVB","B",2015,6,0.00631302063157895,1.25593554919614,0.00865322346097915,1.72150410936699,0.00365532052945756,0.727202913560568
"119","Telemark","kviteseid1","1KVB","B",2016,7,0.00797412808421053,1.58640237681251,0.0108165293262239,2.15188013670874,0.00365532052945756,0.727202913560568
"120","Telemark","kviteseid1","1KVB","B",2017,8,0.00921735410526316,1.83373433510126,0.0108165293262239,2.15188013670874,0.00365532052945756,0.727202913560568
"121","Telemark","kviteseid1","1KVB","B",2018,9,0.0112261906526316,2.23337966807293,0.0108165293262239,2.15188013670874,0.00603582273553075,1.20078877998271
"122","Telemark","kviteseid1","1KVUB","UB",2010,1,0.000502361894736843,0.0999417234604737,0.000544111730489578,0.108247589377127,0.00321103036594861,0.638814193948624
"123","Telemark","kviteseid1","1KVUB","UB",2011,2,0.000814773473684212,0.162094032296246,0.000544111730489578,0.108247589377127,0.00444604204515962,0.884511960851942
"124","Telemark","kviteseid1","1KVUB","UB",2012,3,0.00120993284210526,0.240708490787848,0.000816167595734368,0.16237138406569,0.00642206073189722,1.27762838789725
"125","Telemark","kviteseid1","1KVUB","UB",2013,4,0.00160754757894737,0.319811429306103,0.0015416499030538,0.306701503235193,0.00617505839605502,1.22848883451658
"126","Telemark","kviteseid1","1KVUB","UB",2014,5,0.00333904736842105,0.664282367377744,0.00262987336403297,0.523196681989448,0.0101270957695302,2.0147216886072
"127","Telemark","kviteseid1","1KVUB","UB",2015,6,0.00402067263157895,0.79988740483761,0.00389946740184197,0.775774390536075,0.0150671424863742,2.99751275622046
"128","Telemark","kviteseid1","1KVUB","UB",2016,7,0.00467538778947368,0.930138846957783,0.00453426442074649,0.902063244809391,0.0182781728523228,3.63632695016908
"129","Telemark","kviteseid1","1KVUB","UB",2017,8,0.00574796715789474,1.14352173238603,0.00616659961221523,1.22680601294077,0.020995198546587,4.17686203735638
"130","Telemark","kviteseid1","1KVUB","UB",2018,9,0.00574796715789474,1.14352173238603,0.00997538172564227,1.98453913858066,0.0242062289125356,4.81567623130499
"131","Trøndelag","nsb_verdal","1NSB","B",2009,1,0.000472239915789474,0.0939491461539939,0.000166408143480368,0.0331058482570574,0.00060168699714508,0.119701824737198
"132","Trøndelag","nsb_verdal","1NSB","B",2010,2,0.000800145178947368,0.159183825525779,0.000332816286960736,0.0662116965141148,0.00405203088502466,0.806125931140878
"133","Trøndelag","nsb_verdal","1NSB","B",2011,3,0.00227702442105263,0.452999615189359,0.000332816286960736,0.0662116965141148,0.00503353880093434,1.00139072676694
"134","Trøndelag","nsb_verdal","1NSB","B",2012,4,0.00299117456842105,0.595075272768721,0.000332816286960736,0.0662116965141148,0.00941654554892292,1.87336221370133
"135","Trøndelag","nsb_verdal","1NSB","B",2013,5,0.00469578012631579,0.934195773469803,0.000998448860882209,0.198635089542345,0.0158792110044121,3.15906865468927
"136","Trøndelag","nsb_verdal","1NSB","B",2014,6,0.00436787486315789,0.868961094098018,0.000998448860882209,0.198635089542345,0.0219376330132364,4.36435341724066
"137","Trøndelag","nsb_verdal","1NSB","B",2015,7,0.00704545877894737,1.40164948877458,0.000998448860882209,0.198635089542345,0.0298387814689852,5.9362369582848
"138","Trøndelag","nsb_verdal","1NSB","B",2016,8,0.0206048063157895,4.09919597076125,0.00199689772176442,0.397270179084689,0.0610484881910199,12.14521082986
"139","Trøndelag","nsb_verdal","1NSB","B",2017,9,0.0281900861473684,5.60823944567506,0.0036609791565681,0.728328661655264,0.0804855696859589,16.0120953288595
"140","Trøndelag","nsb_verdal","1NSB","B",2018,10,0.0311051952,6.18818196489787,0.0036609791565681,0.728328661655264,0.0871984103296132,17.3475725421417
"141","Trøndelag","nsb_verdal","1NSUB","UB",2009,1,7.06498947368421e-05,0.0140553499703631,0,0,0.000247002335842201,0.0491395533806634
"142","Trøndelag","nsb_verdal","1NSUB","UB",2010,2,0.000345803368421053,0.068795394277548,0,0,0.000247002335842201,0.0491395533806634
"143","Trøndelag","nsb_verdal","1NSUB","UB",2011,3,0.000416453263157895,0.0828507442479112,0,0,0.000988009343368803,0.196558213522653
"144","Trøndelag","nsb_verdal","1NSUB","UB",2012,4,0.000677758947368422,0.134835858373055,0,0,0.000988009343368803,0.196558213522653
"145","Trøndelag","nsb_verdal","1NSUB","UB",2013,5,0.00207913305263158,0.413630378340072,0,0,0.000988009343368803,0.196558213522653
"146","Trøndelag","nsb_verdal","1NSUB","UB",2014,6,0.00207913305263158,0.413630378340072,0,0,0.000988009343368803,0.196558213522653
"147","Trøndelag","nsb_verdal","1NSUB","UB",2015,7,0.00371411726315789,0.738900152068151,0,0,0.000988009343368803,0.196558213522653
"148","Trøndelag","nsb_verdal","1NSUB","UB",2016,8,0.00948756463157894,1.88749101127453,0,0,0.00222302102257981,0.442255980425971
"149","Trøndelag","nsb_verdal","1NSUB","UB",2017,9,0.0143911063157895,2.86301963339861,0.00145096461463888,0.288660238339006,0.00321103036594861,0.638814193948624
"150","Trøndelag","nsb_verdal","1NSUB","UB",2018,10,0.0194498231578947,3.8694193723027,0.00145096461463888,0.288660238339006,0.00321103036594861,0.638814193948624
"151","Trøndelag","sub_namdalseid","1SB","B",2009,1,0.000962374568421052,0.191458337087675,0.000166408143480368,0.0331058482570574,0.00060168699714508,0.119701824737198
"152","Trøndelag","sub_namdalseid","1SB","B",2010,2,0.00175385877894737,0.348919117693237,0.000166408143480368,0.0331058482570574,0.00060168699714508,0.119701824737198
"153","Trøndelag","sub_namdalseid","1SB","B",2011,3,0.00103777953684211,0.206459678910048,0.000166408143480368,0.0331058482570574,0.00113192966519595,0.225190251810362
"154","Trøndelag","sub_namdalseid","1SB","B",2012,4,0.00182926374736842,0.36392045951561,0.000166408143480368,0.0331058482570574,0.00181259408253309,0.360604135067825
"155","Trøndelag","sub_namdalseid","1SB","B",2013,5,0.00230550922105263,0.458666486093089,0.000166408143480368,0.0331058482570574,0.00234283675058396,0.466092562140989
"156","Trøndelag","sub_namdalseid","1SB","B",2014,6,0.00205190922105263,0.408214369132958,0.000166408143480368,0.0331058482570574,0.00405203088502466,0.806125931140878
"157","Trøndelag","sub_namdalseid","1SB","B",2015,7,0.00377055132631579,0.750127352206075,0.000665632573921473,0.13242339302823,0.00390160913573839,0.776200474956578
"158","Trøndelag","sub_namdalseid","1SB","B",2016,8,0.0108906811789474,2.16663217908418,0.000665632573921473,0.13242339302823,0.00561080327017909,1.11623384395647
"159","Trøndelag","sub_namdalseid","1SB","B",2017,9,0.0131762329263158,2.62132825194168,0.00133126514784295,0.26484678605646,0.00740650791590968,1.47347793233285
"160","Trøndelag","sub_namdalseid","1SB","B",2018,10,0.0141361514947368,2.81229798335407,0.000832040717401841,0.165529241285287,0.0123743122242409,2.461791197313
"161","Trøndelag","sub_namdalseid","1SUB","UB",2009,1,8.5203157894737e-05,0.0169506296824833,0,0,0.000988009343368804,0.196558213522654
"162","Trøndelag","sub_namdalseid","1SUB","UB",2010,2,0.000596422105263159,0.118654407777383,0,0,0.000988009343368804,0.196558213522654
"163","Trøndelag","sub_namdalseid","1SUB","UB",2011,3,0.00150525578947369,0.299461124390538,0,0,0.00345803270179081,0.687953747329287
"164","Trøndelag","sub_namdalseid","1SUB","UB",2012,4,0.00190287052631579,0.378564062908794,0,0,0.00395203737347521,0.786232854090614
"165","Trøndelag","sub_namdalseid","1SUB","UB",2013,5,0.00428855894736842,0.853181694018325,0,0,0.00395203737347521,0.786232854090614
"166","Trøndelag","sub_namdalseid","1SUB","UB",2014,6,0.00738427368421053,1.46905457248188,0,0,0.00938608876200363,1.86730302846521
"167","Trøndelag","sub_namdalseid","1SUB","UB",2015,7,0.00701506,1.39560184385779,0,0,0.0128441214637944,2.55525677579449
"168","Trøndelag","sub_namdalseid","1SUB","UB",2016,8,0.03831302,7.62213314722332,0,0,0.0172901635089541,3.43976873664643
"169","Trøndelag","sub_namdalseid","1SUB","UB",2017,9,0.0413460385263158,8.22553301091388,0,0,0.0227242148974825,4.52083891102103
"170","Trøndelag","sub_namdalseid","1SUB","UB",2018,10,0.039853944,7.92869023663448,0,0,0.027170256942642,5.40535087187296
"171","Trøndelag","verdal_1vb","1VBB","B",2009,1,0.000593195031578947,0.118012401866678,0.000499224430441104,0.0993175447711722,0.00015042174928627,0.0299254561842996
"172","Trøndelag","verdal_1vb","1VBB","B",2010,2,0.000593195031578947,0.118012401866678,0.000499224430441104,0.0993175447711722,0.00015042174928627,0.0299254561842996
"173","Trøndelag","verdal_1vb","1VBB","B",2011,3,0.000339595031578947,0.0675602849065472,0.000499224430441104,0.0993175447711722,0.00015042174928627,0.0299254561842996
"174","Trøndelag","verdal_1vb","1VBB","B",2012,4,0.000534855410526316,0.106406103030885,0.000499224430441104,0.0993175447711722,0.00015042174928627,0.0299254561842996
"175","Trøndelag","verdal_1vb","1VBB","B",2013,5,0.000667500294736842,0.132794964278332,0.00116485700436258,0.231740937799402,0.00015042174928627,0.0299254561842996
"176","Trøndelag","verdal_1vb","1VBB","B",2014,6,0.000787355705263157,0.156639440580296,0.00183048957828405,0.364164330827632,0.00015042174928627,0.0299254561842996
"177","Trøndelag","verdal_1vb","1VBB","B",2015,7,0.000995405557894737,0.198029643650116,0.00183048957828405,0.364164330827632,0.00015042174928627,0.0299254561842996
"178","Trøndelag","verdal_1vb","1VBB","B",2016,8,0.00384541389473684,0.765020786977032,0.0036609791565681,0.728328661655263,0.00015042174928627,0.0299254561842996
"179","Trøndelag","verdal_1vb","1VBB","B",2017,9,0.00540885322105263,1.07605715823631,0.00515865244789141,1.02628129596878,0.00083108616662341,0.165339339441763
"180","Trøndelag","verdal_1vb","1VBB","B",2018,10,0.00441220058947368,0.877779417159639,0.00399379544352883,0.794540358169378,0.00068066441733714,0.135413883257463
"181","Trøndelag","verdal_1vb","1VBUB","UB",2009,1,0.00267738505263158,0.532648832108338,0.000272055865244789,0.0541237946885635,0.000247002335842201,0.0491395533806634
"182","Trøndelag","verdal_1vb","1VBUB","UB",2010,2,0.00214907747368421,0.427545378780356,0.000272055865244789,0.0541237946885635,0.000247002335842201,0.0491395533806634
"183","Trøndelag","verdal_1vb","1VBUB","UB",2011,3,0.00302854568421052,0.602510020027164,0.000362741153659719,0.0721650595847513,0.000247002335842201,0.0491395533806634
"184","Trøndelag","verdal_1vb","1VBUB","UB",2012,4,0.00447216863157894,0.889709680070383,0.000362741153659719,0.0721650595847513,0.000247002335842201,0.0491395533806634
"185","Trøndelag","verdal_1vb","1VBUB","UB",2013,5,0.00260673515789474,0.518593482137975,0.000362741153659719,0.0721650595847513,0.000494004671684402,0.0982791067613268
"186","Trøndelag","verdal_1vb","1VBUB","UB",2014,6,0.00366230589473684,0.728592607827443,0.000362741153659719,0.0721650595847513,0.000247002335842201,0.0491395533806634
"187","Trøndelag","verdal_1vb","1VBUB","UB",2015,7,0.00545604505263158,1.08544567482299,0.000634797018904508,0.126288854273315,0.000247002335842201,0.0491395533806634
"188","Trøndelag","verdal_1vb","1VBUB","UB",2016,8,0.013448175368421,2.6754294818136,0.00199507634512845,0.396907827716132,0.000247002335842201,0.0491395533806634
"189","Trøndelag","verdal_1vb","1VBUB","UB",2017,9,0.0160538661052631,3.19381518298508,0.00299261451769268,0.595361741574198,0.000494004671684402,0.0982791067613268
"190","Trøndelag","verdal_1vb","1VBUB","UB",2018,10,0.0104565212631579,2.08025880822136,0.00371809682501212,0.739691860743701,0.000494004671684402,0.0982791067613268
"191","Trøndelag","steinkjer_2bbb","2BBB","B",2009,1,0.00220450088421053,0.438571515965699,0,0,0.0231693161173112,4.60938898516099
"192","Trøndelag","steinkjer_2bbb","2BBB","B",2010,2,0.00433980176842105,0.863376129353949,0,0,0.0349325849987023,6.94961697190157
"193","Trøndelag","steinkjer_2bbb","2BBB","B",2011,3,0.00423481229473684,0.842489137217126,0,0,0.0334603231248378,6.65671977846248
"194","Trøndelag","steinkjer_2bbb","2BBB","B",2012,4,0.00448841229473684,0.892941254177257,0.000166408143480368,0.0331058482570574,0.0338946989358941,6.74313610032393
"195","Trøndelag","steinkjer_2bbb","2BBB","B",2013,5,0.00526793642105263,1.04802265163044,0,0,0.0393589670386711,7.83021769899436
"196","Trøndelag","steinkjer_2bbb","2BBB","B",2014,6,0.0061514732631579,1.22379672141151,0,0,0.0862134959771606,17.1516300574979
"197","Trøndelag","steinkjer_2bbb","2BBB","B",2015,7,0.00667544387368421,1.32803736228669,0,0,0.0458273423306514,9.11706007585954
"198","Trøndelag","steinkjer_2bbb","2BBB","B",2016,8,0.0151284288,3.00970528091724,0,0,0.0703525175188165,13.9961886525985
"199","Trøndelag","steinkjer_2bbb","2BBB","B",2017,9,0.0172988371368421,3.44149430008759,0,0,0.0887065144043601,17.6476003148829
"200","Trøndelag","steinkjer_2bbb","2BBB","B",2018,10,0.0155783941052632,3.09922303410784,0,0,0.0961470412665454,19.1278461015389
"201","Trøndelag","steinkjer_2bbb","2BBUB","UB",2009,1,0.00219203178947369,0.436090868386637,0,0,0.011115105112899,2.21127990212985
"202","Trøndelag","steinkjer_2bbb","2BBUB","UB",2010,2,0.00161752905263158,0.321797180401333,0,0,0.0128441214637944,2.55525677579449
"203","Trøndelag","steinkjer_2bbb","2BBUB","UB",2011,3,0.00322831747368421,0.642253354758478,0,0,0.00913908642616143,1.81816347508454
"204","Trøndelag","steinkjer_2bbb","2BBUB","UB",2012,4,0.00436190421052632,0.867773270498269,0,0,0.0177841681806385,3.53804784340776
"205","Trøndelag","steinkjer_2bbb","2BBUB","UB",2013,5,0.00489898884210527,0.974622862966367,0,0,0.020995198546587,4.17686203735638
"206","Trøndelag","steinkjer_2bbb","2BBUB","UB",2014,6,0.00509779621052632,1.0141743322255,0,0,0.0288992732935375,5.74932774553762
"207","Trøndelag","steinkjer_2bbb","2BBUB","UB",2015,7,0.00750057326315789,1.49219163856811,0,0,0.0212422008824292,4.22600159073704
"208","Trøndelag","steinkjer_2bbb","2BBUB","UB",2016,8,0.0179576589473684,3.57256273479011,0,0,0.020995198546587,4.17686203735638
"209","Trøndelag","steinkjer_2bbb","2BBUB","UB",2017,9,0.0198889305263158,3.95677700759306,0,0,0.0251942382559044,5.01223444482765
"210","Trøndelag","steinkjer_2bbb","2BBUB","UB",2018,10,0.0242136842105263,4.8171594157143,0,0,0.0251942382559044,5.01223444482765
"211","Telemark","nome_cappelen2","2CAB","B",2010,1,0.0015216,0.302712701760785,0.00266253029568589,0.529693572112919,0.00030084349857254,0.0598509123685991
"212","Telemark","nome_cappelen2","2CAB","B",2011,2,0.00105802105263158,0.210486600527008,0.00266253029568589,0.529693572112919,0.00045126524785881,0.0897763685528987
"213","Telemark","nome_cappelen2","2CAB","B",2012,3,0.00226946315789474,0.451495349679862,0.00482583616093068,0.960069599454667,0.00045126524785881,0.0897763685528987
"214","Telemark","nome_cappelen2","2CAB","B",2013,4,0.00252306315789474,0.501947466639993,0.0109829374697043,2.18498598496579,0.00045126524785881,0.0897763685528987
"215","Telemark","nome_cappelen2","2CAB","B",2014,5,0.00330161052631579,0.65683454428424,0.0166408143480368,3.31058482570575,0.00045126524785881,0.0897763685528987
"216","Telemark","nome_cappelen2","2CAB","B",2015,6,0.00355521052631579,0.707286661244371,0.0244619970916142,4.86655969378745,0.00113192966519595,0.225190251810362
"217","Telemark","nome_cappelen2","2CAB","B",2016,7,0.00390086315789474,0.776052067380011,0.0321167716917111,6.38942871361209,0.00166217233324682,0.330678678883526
"218","Telemark","nome_cappelen2","2CAB","B",2017,8,0.00701505263157895,1.395600377957,0.0401043625787688,7.97850942995085,0.00113192966519595,0.225190251810362
"219","Telemark","nome_cappelen2","2CAB","B",2018,9,0.00499437894736842,0.993600121434726,0.0356113427047988,7.0846515270103,0.00113192966519595,0.225190251810362
"220","Telemark","nome_cappelen2","2CAUB","UB",2010,1,0.00235462547368421,0.468437854083672,0.00145096461463888,0.288660238339005,0.000741007007526603,0.14741866014199
"221","Telemark","nome_cappelen2","2CAUB","UB",2011,2,0.00418525621052632,0.832630267514147,0.00181370576829859,0.360825297923756,0.000741007007526603,0.14741866014199
"222","Telemark","nome_cappelen2","2CAUB","UB",2012,3,0.00764271957894736,1.52047074956835,0.00389946740184198,0.775774390536076,0.000741007007526603,0.14741866014199
"223","Telemark","nome_cappelen2","2CAUB","UB",2013,4,0.01117794,2.22378050573077,0.00634797018904509,1.26288854273315,0.00172901635089541,0.343976873664644
"224","Telemark","nome_cappelen2","2CAUB","UB",2014,5,0.0127128288421053,2.52913693862783,0.0125145698012603,2.48969455567392,0.00172901635089541,0.343976873664644
"225","Telemark","nome_cappelen2","2CAUB","UB",2015,6,0.0183435930526316,3.64934188549058,0.0147817020116335,2.94072617807861,0.00172901635089541,0.343976873664644
"226","Telemark","nome_cappelen2","2CAUB","UB",2016,7,0.0164433568421053,3.27130190305624,0.0247570837372758,4.92526531665928,0.00172901635089541,0.343976873664644
"227","Telemark","nome_cappelen2","2CAUB","UB",2017,8,0.0202438292631579,4.02738186792492,0.0339162978671837,6.74743307117425,0.00395203737347522,0.786232854090614
"228","Telemark","nome_cappelen2","2CAUB","UB",2018,9,0.0199622741052631,3.97136824900996,0.0317398509452254,6.31444271366574,0.00494004671684402,0.982791067613268
"229","Telemark","fritsoe2","2FRB","B",2010,1,0.0011435984,0.227511672839978,0,0,0.00128235141448222,0.255115707994662
"230","Telemark","fritsoe2","2FRB","B",2011,2,0.0013228931368421,0.263181227388455,0,0,0.00196301583181936,0.390529591252125
"231","Telemark","fritsoe2","2FRB","B",2012,3,0.00272849591578947,0.542817015254928,0,0,0.00196301583181936,0.390529591252125
"232","Telemark","fritsoe2","2FRB","B",2013,4,0.00414991696842105,0.825599748681429,0,0,0.00284112379963665,0.565223620810251
"233","Telemark","fritsoe2","2FRB","B",2014,5,0.00350706770526316,0.697708951313227,0,0,0.00687626524785881,1.36798950525968
"234","Telemark","fritsoe2","2FRB","B",2015,6,0.00488596741052632,0.972032331463964,0,0,0.0150011030365949,2.98437462513114
"235","Telemark","fritsoe2","2FRB","B",2016,7,0.0059794832,1.18958038551868,0,0,0.0179118479107189,3.56344891862644
"236","Telemark","fritsoe2","2FRB","B",2017,8,0.00790029709473684,1.57171416815238,0,0,0.0378472164547106,7.52946447629513
"237","Telemark","fritsoe2","2FRB","B",2018,9,0.00790029709473684,1.57171416815238,0,0,0.043819127952245,8.71753851947004
"238","Telemark","fritsoe2","2FRUB","UB",2010,1,0.000184254105263158,0.0366561895470075,0,0,0.000988009343368804,0.196558213522654
"239","Telemark","fritsoe2","2FRUB","UB",2011,2,0.000885423368421054,0.176149382266609,0,0,0.00592805606021282,1.17934928113592
"240","Telemark","fritsoe2","2FRUB","UB",2012,3,0.00205556273684211,0.408941213004908,0,0,0.011115105112899,2.21127990212985
"241","Telemark","fritsoe2","2FRUB","UB",2013,4,0.00464654021052632,0.92439980347565,0,0,0.0128441214637944,2.55525677579449
"242","Telemark","fritsoe2","2FRUB","UB",2014,5,0.00942264884210526,1.87457642530022,0,0,0.0222302102257981,4.4225598042597
"243","Telemark","fritsoe2","2FRUB","UB",2015,6,0.00969754336842105,1.9292649536653,0,0,0.0279112639501687,5.55276953201496
"244","Telemark","fritsoe2","2FRUB","UB",2016,7,0.011991368,2.38560686454247,0,0,0.0454484297949649,9.04167782204205
"245","Telemark","fritsoe2","2FRUB","UB",2017,8,0.0171406366315789,3.41002130957225,0,0,0.0629855956397611,12.5305861120691
"246","Telemark","fritsoe2","2FRUB","UB",2018,9,0.0182781696842105,3.63632631989316,0,0,0.0629855956397611,12.5305861120691
"247","Telemark","kviteseid2","2KVB","B",2010,1,0.000550821052631579,0.109582366606746,0.000332816286960736,0.0662116965141148,0.0043359849467947,0.862616796818032
"248","Telemark","kviteseid2","2KVB","B",2011,2,0.00150260555789474,0.298933877570378,0.000332816286960736,0.0662116965141148,0.00128235141448222,0.255115707994662
"249","Telemark","kviteseid2","2KVB","B",2012,3,0.00142830029473684,0.284151315158724,0.000332816286960736,0.0662116965141148,0.00872652478588113,1.73608694460866
"250","Telemark","kviteseid2","2KVB","B",2013,4,0.00488526096842105,0.971891789272637,0.000998448860882209,0.198635089542345,0.00872652478588113,1.73608694460866
"251","Telemark","kviteseid2","2KVB","B",2014,5,0.00548258450526315,1.09072553116458,0.00149767329132331,0.297952634313517,0.0136059953283156,2.70682676523333
"252","Telemark","kviteseid2","2KVB","B",2015,6,0.00497057397894737,0.98886427344178,0.003161754726127,0.629011116884093,0.0184929989618479,3.67906524671422
"253","Telemark","kviteseid2","2KVB","B",2016,7,0.00485169532631579,0.965214116948755,0.00465942801745032,0.926963751197611,0.0186434207111342,3.70899070289852
"254","Telemark","kviteseid2","2KVB","B",2017,8,0.00787383216842105,1.56644913835023,0.00715555016965584,1.42355147505347,0.0215541655852582,4.28806499639382
"255","Telemark","kviteseid2","2KVB","B",2018,9,0.0103422665263158,2.05752855054626,0.0139782840523509,2.78089125359283,0.0258168829483519,5.13610567056884
"256","Telemark","kviteseid2","2KVUB","UB",2010,1,0.000374204421052632,0.0744456041717091,9.06852884149297e-05,0.0180412648961878,0.00296402803010641,0.58967464056796
"257","Telemark","kviteseid2","2KVUB","UB",2011,2,0.001157416,0.230260597017061,0.000181370576829859,0.0360825297923756,0.00345803270179081,0.687953747329287
"258","Telemark","kviteseid2","2KVUB","UB",2012,3,0.00168572357894737,0.335364050345043,0.000181370576829859,0.0360825297923756,0.00345803270179081,0.687953747329287
"259","Telemark","kviteseid2","2KVUB","UB",2013,4,0.00240468694736842,0.478397267827806,0.000181370576829859,0.0360825297923756,0.0200071892032182,3.98030382383372
"260","Telemark","kviteseid2","2KVUB","UB",2014,5,0.00254669221052632,0.506648317298611,0.000181370576829859,0.0360825297923756,0.020995198546587,4.17686203735638
"261","Telemark","kviteseid2","2KVUB","UB",2015,6,0.00541975136842105,1.07822527576659,0.000906852884149297,0.180412648961878,0.023465221905009,4.66825757116301
"262","Telemark","kviteseid2","2KVUB","UB",2016,7,0.00492729094736842,0.98025338790704,0.00136027932622395,0.270618973442817,0.025935245263431,5.15965310496965
"263","Telemark","kviteseid2","2KVUB","UB",2017,8,0.00729404189473684,1.45110352833343,0.00181370576829859,0.360825297923756,0.0444604204515961,8.84511960851939
"264","Telemark","kviteseid2","2KVUB","UB",2018,9,0.00807296821052631,1.60606599516124,0.00308329980610762,0.613403006470388,0.0479184531533869,9.53307335584868
"265","Trøndelag","verdal_2vb","2VBB","B",2009,1,0.00317584488421053,0.631814264769017,0.000166408143480368,0.0331058482570574,0.00488311705164807,0.97146527058264
"266","Trøndelag","verdal_2vb","2VBB","B",2010,2,0.00432591856842105,0.860614154471533,0.000166408143480368,0.0331058482570574,0.00955943420711136,1.90178900902941
"267","Trøndelag","verdal_2vb","2VBB","B",2011,3,0.00486380277894737,0.967622818116964,0.000665632573921473,0.13242339302823,0.0145591941344407,2.89645964241346
"268","Trøndelag","verdal_2vb","2VBB","B",2012,4,0.00622385541052632,1.23819669209313,0.000166408143480368,0.0331058482570574,0.01955895406177,3.89113027579751
"269","Trøndelag","verdal_2vb","2VBB","B",2013,5,0.00640205044210526,1.27364746723088,0.000665632573921473,0.13242339302823,0.027048325979756,5.38109347754888
"270","Trøndelag","verdal_2vb","2VBB","B",2014,6,0.00705964269473684,1.40447128916245,0.000665632573921473,0.13242339302823,0.0398063457046457,7.919220856649
"271","Trøndelag","verdal_2vb","2VBB","B",2015,7,0.00598580336842105,1.19083774307541,0.000665632573921473,0.13242339302823,0.0574739683363613,11.4340826997987
"272","Trøndelag","verdal_2vb","2VBB","B",2016,8,0.0650068039578948,12.9326927306309,0.00848681531749879,1.68839826110993,0.0874841876459901,17.4044261327978
"273","Trøndelag","verdal_2vb","2VBB","B",2017,9,0.073083735831579,14.5395472715226,0.00166408143480368,0.331058482570574,0.103703970931741,20.6312494900561
"274","Trøndelag","verdal_2vb","2VBB","B",2018,10,0.0661898859789474,13.168059420298,0.000832040717401841,0.165529241285287,0.116353120944718,23.1477179281513
"275","Trøndelag","verdal_2vb","2VBUB","UB",2009,1,0.00126216315789474,0.25109938195928,9.06852884149297e-05,0.0180412648961878,0.00592805606021282,1.17934928113592
"276","Trøndelag","verdal_2vb","2VBUB","UB",2010,2,0.00352380042105263,0.701037819349786,9.06852884149297e-05,0.0180412648961878,0.00543405138852842,1.08107017437459
"277","Trøndelag","verdal_2vb","2VBUB","UB",2011,3,0.00468482378947368,0.932016079511551,0.000362741153659719,0.0721650595847513,0.00741007007526602,1.4741866014199
"278","Trøndelag","verdal_2vb","2VBUB","UB",2012,4,0.0124359254736842,2.47404876382408,0.000362741153659719,0.0721650595847513,0.0167961588372697,3.34148962988511
"279","Trøndelag","verdal_2vb","2VBUB","UB",2013,5,0.0158515065263158,3.15355702389574,0.000816167595734367,0.16237138406569,0.0323573059953283,6.4372814928669
"280","Trøndelag","verdal_2vb","2VBUB","UB",2014,6,0.020388995368421,4.05626174695246,0.000816167595734367,0.16237138406569,0.0335923176745393,6.68297925977021
"281","Trøndelag","verdal_2vb","2VBUB","UB",2015,7,0.0198989103157895,3.95876242362525,0.000816167595734367,0.16237138406569,0.0555755255644951,11.0563995106492
"282","Trøndelag","verdal_2vb","2VBUB","UB",2016,8,0.0564182806315789,11.2240603040769,0.000816167595734367,0.16237138406569,0.0768177264469243,15.2824011013863
"283","Trøndelag","verdal_2vb","2VBUB","UB",2017,9,0.0649284884210526,12.9171123496193,0.0018137057682986,0.360825297923757,0.0644676096548143,12.8254234323531
"284","Trøndelag","verdal_2vb","2VBUB","UB",2018,10,0.0672124115789474,13.3714844248955,0.0018137057682986,0.360825297923757,0.0797817544770307,15.8720757419542
"285","Telemark","drangedal3","3DRB","B",2011,1,0.000148610526315789,0.0295651248233076,0,0,0,0
"286","Telemark","drangedal3","3DRB","B",2012,2,0.000148610526315789,0.0295651248233076,0,0,0,0
"287","Telemark","drangedal3","3DRB","B",2013,3,7.43052631578947e-05,0.0147825624116538,0.000166408143480368,0.0331058482570574,0,0
"288","Telemark","drangedal3","3DRB","B",2014,4,0.000148610526315789,0.0295651248233076,0.000332816286960736,0.0662116965141148,0,0
"289","Telemark","drangedal3","3DRB","B",2015,5,0.000402210526315789,0.0800172417834384,0.000499224430441104,0.0993175447711722,0,0
"290","Telemark","drangedal3","3DRB","B",2016,6,0.000402210526315789,0.0800172417834384,0.000499224430441104,0.0993175447711722,0,0
"291","Telemark","drangedal3","3DRB","B",2017,7,0.000655810526315789,0.130469358743569,0.00116485700436258,0.231740937799402,0,0
"292","Telemark","drangedal3","3DRB","B",2018,8,0.000655810526315789,0.130469358743569,0.000665632573921472,0.13242339302823,0,0
"293","Telemark","drangedal3","3DRUB","UB",2010,1,2.8401052631579e-05,0.0056502098941611,9.06852884149297e-05,0.0180412648961878,0.000247002335842201,0.0491395533806634
"294","Telemark","drangedal3","3DRUB","UB",2011,2,0.000268751789473684,0.0534664696994116,9.06852884149297e-05,0.0180412648961878,0.000247002335842201,0.0491395533806634
"295","Telemark","drangedal3","3DRUB","UB",2012,3,0.000805210947368422,0.16019162813174,0.000181370576829859,0.0360825297923756,0.000247002335842201,0.0491395533806634
"296","Telemark","drangedal3","3DRUB","UB",2013,4,0.00190653031578948,0.379292154890559,0.000272055865244789,0.0541237946885635,0.000247002335842201,0.0491395533806634
"297","Telemark","drangedal3","3DRUB","UB",2014,5,0.00278949831578947,0.554953057130515,0.000272055865244789,0.0541237946885635,0.000247002335842201,0.0491395533806634
"298","Telemark","drangedal3","3DRUB","UB",2015,6,0.00381097178947368,0.758168747848128,0.000272055865244789,0.0541237946885635,0.000494004671684402,0.0982791067613268
"299","Telemark","drangedal3","3DRUB","UB",2016,7,0.00388162168421052,0.772224097818491,0.000634797018904508,0.126288854273315,0.000494004671684402,0.0982791067613268
"300","Telemark","drangedal3","3DRUB","UB",2017,8,0.00847021642105263,1.68509601558584,0.00108822346097916,0.216495178754254,0.00247002335842201,0.491395533806634
"301","Telemark","drangedal3","3DRUB","UB",2018,9,0.0100182475789474,1.99306702913486,0.00217644692195831,0.432990357508508,0.000494004671684402,0.0982791067613268
"302","Telemark","kviteseid3","3KVB","B",2010,1,0.00235421111578947,0.468355420199726,0,0,0.00842568128730859,1.67623603224006
"303","Telemark","kviteseid3","3KVB","B",2011,2,0.00260671141052632,0.518588757749137,0,0,0.0102213859330392,2.03348012061644
"304","Telemark","kviteseid3","3KVB","B",2012,3,0.00314459562105263,0.625597421394569,0,0,0.0101348754217493,2.01626940123995
"305","Telemark","kviteseid3","3KVB","B",2013,4,0.00314459562105263,0.625597421394569,0,0,0.0138993057357903,2.7651790167457
"306","Telemark","kviteseid3","3KVB","B",2014,5,0.00324848538947368,0.646265634120672,0,0,0.0142001492343628,2.8250299291143
"307","Telemark","kviteseid3","3KVB","B",2015,6,0.00342668042105263,0.681716409258429,0,0,0.0209298793148196,4.16386718908794
"308","Telemark","kviteseid3","3KVB","B",2016,7,0.00332279065263158,0.661048196532326,0,0,0.0227255839605502,4.52111127746432
"309","Telemark","kviteseid3","3KVB","B",2017,8,0.00335225221052631,0.666909387244995,0,0,0.0227255839605502,4.52111127746432
"310","Telemark","kviteseid3","3KVB","B",2018,9,0.00363775907368421,0.723709172942795,0,0,0.0301604009862445,6.0002211282431
"311","Telemark","kviteseid3","3KVUB","UB",2010,1,0.00139136505263158,0.276803282214539,0,0,0.023465221905009,4.66825757116301
"312","Telemark","kviteseid3","3KVUB","UB",2011,2,0.00204142842105263,0.406129280223512,9.06852884149297e-05,0.0180412648961878,0.02470023358422,4.91395533806633
"313","Telemark","kviteseid3","3KVUB","UB",2012,3,0.00183763031578948,0.36558493541677,9.06852884149297e-05,0.0180412648961878,0.0279112639501687,5.55276953201495
"314","Telemark","kviteseid3","3KVUB","UB",2013,4,0.00390782631578948,0.777437343628107,9.06852884149297e-05,0.0180412648961878,0.0296402803010641,5.8967464056796
"315","Telemark","kviteseid3","3KVUB","UB",2014,5,0.00430544105263158,0.856540282146362,9.06852884149297e-05,0.0180412648961878,0.0375443550480145,7.46921211386082
"316","Telemark","kviteseid3","3KVUB","UB",2015,6,0.00765272,1.52246027012276,0,0,0.0432254087723851,8.59942184161608
"317","Telemark","kviteseid3","3KVUB","UB",2016,7,0.011325999368421,2.25323598117487,0,0,0.0486594601609135,9.68049201599068
"318","Telemark","kviteseid3","3KVUB","UB",2017,8,0.0154121522105263,3.06615025998743,0,0,0.0592805606021281,11.7934928113592
"319","Telemark","kviteseid3","3KVUB","UB",2018,9,0.0160823850526316,3.19948884729191,0,0,0.0617505839605501,12.2848883451658
"320","Telemark","notodden3","3NOB","B",2010,1,0.000593195031578947,0.118012401866678,0.00332816286960736,0.662116965141149,0.00045126524785881,0.0897763685528987
"321","Telemark","notodden3","3NOB","B",2011,2,0.000846795031578947,0.168464518826809,0.00482583616093068,0.960069599454667,0.00060168699714508,0.119701824737198
"322","Telemark","notodden3","3NOB","B",2012,3,0.000846795031578947,0.168464518826809,0.00782118274357732,1.5559748680817,0.00060168699714508,0.119701824737198
"323","Telemark","notodden3","3NOB","B",2013,4,0.00102608976842105,0.204134073375286,0.0104837130392632,2.08566844019462,0.00128235141448222,0.255115707994662
"324","Telemark","notodden3","3NOB","B",2014,5,0.00102608976842105,0.204134073375286,0.0161415899175957,3.21126728093458,0.00128235141448222,0.255115707994662
"325","Telemark","notodden3","3NOB","B",2015,6,0.00102608976842105,0.204134073375286,0.0181384876393602,3.60853746001927,0.00128235141448222,0.255115707994662
"326","Telemark","notodden3","3NOB","B",2016,7,0.00120538450526316,0.239803627923763,0.037941056713524,7.5481334026091,0.00128235141448222,0.255115707994662
"327","Telemark","notodden3","3NOB","B",2017,8,0.000877479242105263,0.174568948551978,0.0394387300048473,7.84608603692262,0.00113192966519595,0.225190251810362
"328","Telemark","notodden3","3NOB","B",2018,9,0.00131037397894737,0.260690620060586,0.0489239941832283,9.7331193875749,0.00060168699714508,0.119701824737198
"329","Telemark","notodden3","3NOUB","UB",2010,1,0.000459407578947369,0.0913962338541924,0.00208576163354338,0.41494909261232,0.00172901635089541,0.343976873664644
"330","Telemark","notodden3","3NOUB","UB",2011,2,0.000672062736842106,0.133702633295361,0.00208576163354338,0.41494909261232,0.00197601868673761,0.393116427045307
"331","Telemark","notodden3","3NOUB","UB",2012,3,0.000927672210526317,0.184554522342811,0.00399015269025691,0.793815655432265,0.00296402803010641,0.58967464056796
"332","Telemark","notodden3","3NOUB","UB",2013,4,0.00138208905263158,0.274957880649388,0.00589454374697044,1.17268221825221,0.00494004671684402,0.982791067613268
"333","Telemark","notodden3","3NOUB","UB",2014,5,0.00163524315789474,0.325321289670185,0.0108822346097916,2.16495178754254,0.00494004671684402,0.982791067613268
"334","Telemark","notodden3","3NOUB","UB",2015,6,0.00259202189473684,0.515666371437236,0.0120611433591857,2.39948823119298,0.00494004671684402,0.982791067613268
"335","Telemark","notodden3","3NOUB","UB",2016,7,0.00213760505263158,0.425263013130659,0.0157792401841978,3.13918009193668,0.00494004671684402,0.982791067613268
"336","Telemark","notodden3","3NOUB","UB",2017,8,0.0034384372631579,0.684055358678684,0.0212203574890936,4.22165598570795,0.00469304438100182,0.933651514232605
"337","Telemark","notodden3","3NOUB","UB",2018,9,0.00329397663157895,0.655315829181226,0.0226713221037324,4.51031622404696,0.00469304438100182,0.933651514232605
"338","Telemark","drangedal4","4DRB","B",2010,1,0.00814366214736842,1.62013010703005,0,0,0.00030084349857254,0.0598509123685991
"339","Telemark","drangedal4","4DRB","B",2011,2,0.007498712,1.49182135202814,0.000166408143480368,0.0331058482570574,0.00045126524785881,0.0897763685528987
"340","Telemark","drangedal4","4DRB","B",2012,3,0.00686767545263157,1.36628061979648,0,0,0.00196301583181936,0.390529591252125
"341","Telemark","drangedal4","4DRB","B",2013,4,0.00686767545263157,1.36628061979648,0.000166408143480368,0.0331058482570574,0.00249325849987023,0.496018018325288
"342","Telemark","drangedal4","4DRB","B",2014,5,0.0080177491368421,1.595080509499,0.000166408143480368,0.0331058482570574,0.00219241500129769,0.436167105956689
"343","Telemark","drangedal4","4DRB","B",2015,6,0.0072708627368421,1.44649218138886,0.000665632573921473,0.13242339302823,0.00523098235141449,1.0406708730676
"344","Telemark","drangedal4","4DRB","B",2016,7,0.0072708627368421,1.44649218138886,0.000665632573921473,0.13242339302823,0.00439989618479108,0.87533153362584
"345","Telemark","drangedal4","4DRB","B",2017,8,0.0101573258947368,2.02073578092835,0.00149767329132332,0.297952634313518,0.00710566441733714,1.41362701996425
"346","Telemark","drangedal4","4DRB","B",2018,9,0.0139589868631579,2.77705219978301,0.00149767329132332,0.297952634313518,0.0128406436542953,2.55456488757835
"347","Telemark","drangedal4","4DRUB","UB",2010,1,0.00141548084210527,0.281600966091164,0,0,0.00321103036594861,0.638814193948624
"348","Telemark","drangedal4","4DRUB","UB",2011,2,0.00342317852631579,0.681019729436485,0,0,0.00321103036594861,0.638814193948624
"349","Telemark","drangedal4","4DRUB","UB",2012,3,0.0109784461052632,2.18409245640075,0,0,0.00543405138852842,1.08107017437459
"350","Telemark","drangedal4","4DRUB","UB",2013,4,0.0152766475789474,3.03919247007788,0,0,0.0101270957695302,2.0147216886072
"351","Telemark","drangedal4","4DRUB","UB",2014,5,0.0253750551578947,5.04820682451055,0,0,0.0113621074487412,2.26041945551051
"352","Telemark","drangedal4","4DRUB","UB",2015,6,0.0288969732631579,5.74887016903239,0,0,0.0148201401505321,2.9483732028398
"353","Telemark","drangedal4","4DRUB","UB",2016,7,0.0293652378947368,5.84202845752101,0,0,0.0244532312483779,4.86481578468567
"354","Telemark","drangedal4","4DRUB","UB",2017,8,0.0330846324210526,6.58197848773613,0,0,0.0345803270179081,6.87953747329286
"355","Telemark","drangedal4","4DRUB","UB",2018,9,0.0292607496842105,5.8212411885209,0,0,0.0350743316895925,6.97781658005419
"356","Telemark","notodden5","5NOB","B",2010,1,0.00084334854736842,0.167778862578817,0.000166408143480368,0.0331058482570574,0.00060168699714508,0.119701824737198
"357","Telemark","notodden5","5NOB","B",2011,2,0.00127624328421053,0.253900534087425,0.000332816286960736,0.0662116965141148,0.00060168699714508,0.119701824737198
"358","Telemark","notodden5","5NOB","B",2012,3,0.00188623334736842,0.37525420132307,0.000332816286960736,0.0662116965141148,0.00060168699714508,0.119701824737198
"359","Telemark","notodden5","5NOB","B",2013,4,0.00217149431578947,0.43200506781731,0.000998448860882209,0.198635089542345,0.00128235141448222,0.255115707994662
"360","Telemark","notodden5","5NOB","B",2014,5,0.00217149431578947,0.43200506781731,0.00149767329132331,0.297952634313517,0.00332434466649364,0.661357357767051
"361","Telemark","notodden5","5NOB","B",2015,6,0.00428136362105263,0.851750229330428,0.00133126514784295,0.26484678605646,0.00332434466649364,0.661357357767051
"362","Telemark","notodden5","5NOB","B",2016,7,0.00527309052631579,1.04904802829275,0.00282893843916627,0.562799420369978,0.00503353880093434,1.00139072676694
"363","Telemark","notodden5","5NOB","B",2017,8,0.00573666947368421,1.14127412952653,0.00366097915656811,0.728328661655266,0.00503353880093434,1.00139072676694
"364","Telemark","notodden5","5NOB","B",2018,9,0.00609926450526316,1.21341011904697,0.00366097915656811,0.728328661655266,0.0135155982351415,2.68884283495858
"365","Telemark","notodden5","5NOUB","UB",2010,1,0.000642956210526316,0.127912073871121,9.06852884149297e-05,0.0180412648961878,0.000988009343368804,0.196558213522654
"366","Telemark","notodden5","5NOUB","UB",2011,2,0.00103811557894737,0.206526532362723,0.000181370576829859,0.0360825297923756,0.000988009343368804,0.196558213522654
"367","Telemark","notodden5","5NOUB","UB",2012,3,0.00226829789473684,0.451263527940386,0.000272055865244789,0.0541237946885635,0.000988009343368804,0.196558213522654
"368","Telemark","notodden5","5NOUB","UB",2013,4,0.002383652,0.474212498013604,0.000634797018904508,0.126288854273315,0.00197601868673761,0.393116427045307
"369","Telemark","notodden5","5NOUB","UB",2014,5,0.00343449094736842,0.683270264097564,0.000634797018904508,0.126288854273315,0.00197601868673761,0.393116427045307
"370","Telemark","notodden5","5NOUB","UB",2015,6,0.00688651705263158,1.37002903701618,0.000634797018904508,0.126288854273315,0.00395203737347521,0.786232854090614
"371","Telemark","notodden5","5NOUB","UB",2016,7,0.00986204694736842,1.96199190084753,0.00199507634512845,0.396907827716132,0.00642206073189722,1.27762838789725
"372","Telemark","notodden5","5NOUB","UB",2017,8,0.00969305157894737,1.92837134054272,0.00281124394086282,0.559279211781822,0.00716306773942383,1.42504704803924
"373","Telemark","notodden5","5NOUB","UB",2018,9,0.0120462136842105,2.39651806672917,0.00344604095976733,0.685568066055138,0.00938608876200364,1.86730302846521
"374","Telemark","notodden6","6NOB","B",2010,1,0.000772489768421053,0.153681956415155,0.00399379544352883,0.794540358169378,0.00060168699714508,0.119701824737198
"375","Telemark","notodden6","6NOB","B",2011,2,0.000966650442105263,0.192308995128773,0.00532506059137178,1.05938714422584,0.00060168699714508,0.119701824737198
"376","Telemark","notodden6","6NOB","B",2012,3,0.00138467924210526,0.27547318247224,0.0104837130392632,2.08566844019462,0.00060168699714508,0.119701824737198
"377","Telemark","notodden6","6NOB","B",2013,4,0.00150453465263158,0.299317658774204,0.0124806107610276,2.48293861927931,0.00128235141448222,0.255115707994662
"378","Telemark","notodden6","6NOB","B",2014,5,0.00150453465263158,0.299317658774204,0.0144775084827921,2.880208798364,0.00128235141448222,0.255115707994662
"379","Telemark","notodden6","6NOB","B",2015,6,0.00125093465263158,0.248865541814073,0.0198025690741638,3.93959594258984,0.00196301583181936,0.390529591252125
"380","Telemark","notodden6","6NOB","B",2016,7,0.00246445322105263,0.490287390186587,0.0281229762481823,5.59488835544272,0.00725608616662341,1.44355247614855
"381","Telemark","notodden6","6NOB","B",2017,8,0.00235738728421053,0.468987298830105,0.0344464857004362,6.8529105892109,0.0114322930184272,2.27438243094706
"382","Telemark","notodden6","6NOB","B",2018,9,0.00247724269473684,0.492831775132069,0.0440981580222976,8.77304978812023,0.0149673241629899,2.97765453174825
"383","Telemark","notodden6","6NOUB","UB",2010,1,0.00100900905263158,0.200735972938483,0.000634797018904508,0.126288854273315,0.000247002335842201,0.0491395533806634
"384","Telemark","notodden6","6NOUB","UB",2011,2,0.0011226132631579,0.223336812515127,0.000997538172564227,0.198453913858066,0.000247002335842201,0.0491395533806634
"385","Telemark","notodden6","6NOUB","UB",2012,3,0.00146097052631579,0.290650851218408,0.00226713221037324,0.451031622404695,0.000247002335842201,0.0491395533806634
"386","Telemark","notodden6","6NOUB","UB",2013,4,0.00206063347368421,0.409950004046832,0.00444357913233156,0.884021979913204,0.000247002335842201,0.0491395533806634
"387","Telemark","notodden6","6NOUB","UB",2014,5,0.00290205810526316,0.577346115740665,0.00807099066892875,1.60567257576072,0.000494004671684402,0.0982791067613268
"388","Telemark","notodden6","6NOUB","UB",2015,6,0.00511716126315789,1.01802688703743,0.00825236124575861,1.64175510555309,0.000494004671684402,0.0982791067613268
"389","Telemark","notodden6","6NOUB","UB",2016,7,0.00814361810526315,1.62012134513161,0.0198600781628696,3.95103701226513,0.000494004671684402,0.0982791067613268
"390","Telemark","notodden6","6NOUB","UB",2017,8,0.00654764189473683,1.30261196642869,0.0222178956616578,4.42010989956601,0.000494004671684402,0.0982791067613268
"391","Telemark","notodden6","6NOUB","UB",2018,9,0.00816632294736842,1.62463832994807,0.0184997988366457,3.68041803882232,0.001235011679211,0.245697766903317
"392","Trøndelag","bratsberg","BRB","B",2009,1,0.000411553515789473,0.0818759704809289,0.000166408143480368,0.0331058482570574,0.013476349597716,2.68103456663873
"393","Trøndelag","bratsberg","BRB","B",2010,2,0.0010662643368421,0.212126549813778,0.000166408143480368,0.0331058482570574,0.0137771930962886,2.74088547900733
"394","Trøndelag","bratsberg","BRB","B",2011,3,0.00084334854736842,0.167778862578817,0.000166408143480368,0.0331058482570574,0.0141570140150532,2.81644844989619
"395","Trøndelag","bratsberg","BRB","B",2012,4,0.000917653810526315,0.182561424990471,0.000166408143480368,0.0331058482570574,0.0138561705164806,2.75659753752759
"396","Trøndelag","bratsberg","BRB","B",2013,5,0.00109584884210526,0.218012200128228,0.000166408143480368,0.0331058482570574,0.0140065922657669,2.78652299371189
"397","Trøndelag","bratsberg","BRB","B",2014,6,0.0014226544,0.283028100089293,0.000832040717401841,0.165529241285287,0.0140065922657669,2.78652299371189
"398","Trøndelag","bratsberg","BRB","B",2015,7,0.00160414854736842,0.319135213459209,0.000832040717401841,0.165529241285287,0.0140065922657669,2.78652299371189
"399","Trøndelag","bratsberg","BRB","B",2016,8,0.0133039192421053,2.64673063734554,0.000832040717401841,0.165529241285287,0.0151855437321567,3.02106793563862
"400","Trøndelag","bratsberg","BRB","B",2017,9,0.0195014017684211,3.87968061083155,0.000998448860882209,0.198635089542345,0.0192206851803789,3.82383382008805
"401","Trøndelag","bratsberg","BRB","B",2018,10,0.0148268181894737,2.94970175647445,0.000998448860882209,0.198635089542345,0.0192206851803789,3.82383382008805
"402","Trøndelag","bratsberg","BRUB","UB",2009,1,0.000927672210526317,0.184554522342811,9.06852884149297e-05,0.0180412648961878,0.00741007007526602,1.4741866014199
"403","Trøndelag","bratsberg","BRUB","UB",2010,2,0.00224235221052632,0.446101798072877,9.06852884149297e-05,0.0180412648961878,0.00864508175447703,1.71988436832322
"404","Trøndelag","bratsberg","BRUB","UB",2011,3,0.00344554442105263,0.685469282816537,9.06852884149297e-05,0.0180412648961878,0.00839807941863483,1.67074481494255
"405","Trøndelag","bratsberg","BRUB","UB",2012,4,0.00591160526315789,1.17607649904955,9.06852884149297e-05,0.0180412648961878,0.01235011679211,2.45697766903317
"406","Trøndelag","bratsberg","BRUB","UB",2013,5,0.0098325214736842,1.95611799449256,0.000181370576829859,0.0360825297923756,0.0167961588372697,3.34148962988511
"407","Trøndelag","bratsberg","BRUB","UB",2014,6,0.0161661248421053,3.21614834907717,0.000181370576829859,0.0360825297923756,0.0266762522709576,5.30707176511164
"408","Trøndelag","bratsberg","BRUB","UB",2015,7,0.0210019185263158,4.17819893484551,0.000544111730489578,0.108247589377127,0.0318633013236439,6.33900238610557
"409","Trøndelag","bratsberg","BRUB","UB",2016,8,0.106290142736842,21.1457520231394,0.000362741153659719,0.0721650595847513,0.0521174928627043,10.36844576332
"410","Trøndelag","bratsberg","BRUB","UB",2017,9,0.128845845473684,25.6330665049892,0.000906852884149297,0.180412648961878,0.0432254087723851,8.59942184161608
"411","Trøndelag","bratsberg","BRUB","UB",2018,10,0.121289057684211,24.1296913417502,0.00145096461463888,0.288660238339005,0.0521174928627043,10.3684457633199
"412","Hedmark","didrik_holmsen","DHB","B",2013,1,0.00104205541052632,0.207310336951147,0.000998448860882209,0.198635089542345,0.00961398909940307,1.912642360002
"413","Hedmark","didrik_holmsen","DHB","B",2014,2,0.00104205541052632,0.207310336951147,0.000998448860882209,0.198635089542345,0.0132053983908643,2.62713053675476
"414","Hedmark","didrik_holmsen","DHB","B",2015,3,0.00157993962105263,0.314319000596578,0.00249612215220553,0.496587723855863,0.0191133986504023,3.80248984312186
"415","Hedmark","didrik_holmsen","DHB","B",2016,4,0.00364120555789474,0.724394829190787,0.00382738730004847,0.761434509912321,0.0315443290942123,6.27554487732672
"416","Hedmark","didrik_holmsen","DHB","B",2017,5,0.00456836345263158,0.908847031658342,0.00416020358700922,0.827646206426438,0.0413352257980794,8.22338188697996
"417","Hedmark","didrik_holmsen","DHB","B",2018,6,0.00642157953684211,1.27753265718273,0.00416020358700922,0.827646206426438,0.0499809499091616,9.94339404808936
"418","Hedmark","didrik_holmsen","DHUB","UB",2013,1,0.00121737894736842,0.242189846362116,0,0,0.00642206073189722,1.27762838789725
"419","Hedmark","didrik_holmsen","DHUB","UB",2014,2,0.00277951684210526,0.552967306035285,0,0,0.0180311705164807,3.58718739678843
"420","Hedmark","didrik_holmsen","DHUB","UB",2015,3,0.00399410147368421,0.794601240934332,0,0,0.0276642616143265,5.5036299786343
"421","Hedmark","didrik_holmsen","DHUB","UB",2016,4,0.00546184021052631,1.08659858485418,0,0,0.0597745652738126,11.8917719181205
"422","Hedmark","didrik_holmsen","DHUB","UB",2017,5,0.00629931852631578,1.25320960196689,0,0,0.0716306773942381,14.2504704803924
"423","Hedmark","didrik_holmsen","DHUB","UB",2018,6,0.0077379507368421,1.53941638646249,0,0,0.0775587334544509,15.4298197615283
"424","Hedmark","fet_3","FKB","B",2013,1,0.000622779536842105,0.123898052181128,0,0,0.00128235141448222,0.255115707994662
"425","Hedmark","fet_3","FKB","B",2014,2,0.00105457456842105,0.209800944279016,0,0,0.00317392291720737,0.631431901582752
"426","Hedmark","fet_3","FKB","B",2015,3,0.00128051915789474,0.254751192128523,0,0,0.00503353880093434,1.00139072676694
"427","Hedmark","fet_3","FKB","B",2016,4,0.00325276126315789,0.64711629216177,0,0,0.0121542694004672,2.41801506844365
"428","Hedmark","fet_3","FKB","B",2017,5,0.003178456,0.632333729750117,0,0,0.016125499610693,3.20806621608527
"429","Hedmark","fet_3","FKB","B",2018,6,0.00424226433684211,0.843971673888603,0,0,0.0365646249675577,7.27430100736018
"430","Hedmark","fet_3","FKUB","UB",2013,1,0.00190723578947369,0.379432504420638,9.06852884149297e-05,0.0180412648961878,0.00370503503763301,0.73709330070995
"431","Hedmark","fet_3","FKUB","UB",2014,2,0.00362987852631579,0.722141387857854,0.000362741153659719,0.0721650595847513,0.00444604204515961,0.88451196085194
"432","Hedmark","fet_3","FKUB","UB",2015,3,0.00624084652631579,1.2415769671763,0.000362741153659719,0.0721650595847513,0.00765707241110823,1.52332615480057
"433","Hedmark","fet_3","FKUB","UB",2016,4,0.0110101155789474,2.1903928980032,0.000816167595734367,0.16237138406569,0.00938608876200363,1.86730302846521
"434","Hedmark","fet_3","FKUB","UB",2017,5,0.014499507368421,2.88458533760196,0.000816167595734367,0.16237138406569,0.0197601868673761,3.93116427045307
"435","Hedmark","fet_3","FKUB","UB",2018,6,0.0180392995789474,3.58880462238128,0,0,0.0279112639501687,5.55276953201496
"436","Trøndelag","selbu_flub","FLB","B",2009,1,0.00110039503157895,0.21891663578694,0,0,0.00249325849987023,0.496018018325288
"437","Trøndelag","selbu_flub","FLB","B",2010,2,0.00141536345263158,0.281577612197409,0,0,0.00352178821697379,0.700637504067714
"438","Trøndelag","selbu_flub","FLB","B",2011,3,0.00350926711578947,0.698146510134667,0,0,0.013338930703348,2.65369594624762
"439","Trøndelag","selbu_flub","FLB","B",2012,4,0.0101347513263158,2.01624471323788,0,0,0.0254482416298988,5.06276681049417
"440","Trøndelag","selbu_flub","FLB","B",2013,5,0.0125170432842105,2.49018663947165,0,0,0.0460660978458344,9.16455897639932
"441","Trøndelag","selbu_flub","FLB","B",2014,6,0.0158896432842105,3.1611440908113,0,0,0.064717291720737,12.8750961010944
"442","Trøndelag","selbu_flub","FLB","B",2015,7,0.0115927668210526,2.3063076796028,0,0,0.0556483713989099,11.0708917289377
"443","Trøndelag","selbu_flub","FLB","B",2016,8,0.038586824,7.67660472227122,0,0,0.0956469309628859,19.0283523178907
"444","Trøndelag","selbu_flub","FLB","B",2017,9,0.00957380016842105,1.90464702622279,0,0,0.0825579353750323,16.424379382997
"445","Trøndelag","selbu_flub","FLB","B",2018,10,0.00913703056842105,1.81775447518245,0,0,0.0563573449260316,11.2119375306411
"446","Trøndelag","selbu_flub","FLUB","UB",2009,1,0.00137822273684211,0.274188701562577,0,0,0.00296402803010641,0.58967464056796
"447","Trøndelag","selbu_flub","FLUB","UB",2010,2,0.00403747473684211,0.803230077471338,0,0,0.00666906306773943,1.32676794127791
"448","Trøndelag","selbu_flub","FLUB","UB",2011,3,0.00856103578947368,1.7031639548517,0,0,0.00988009343368803,1.96558213522654
"449","Trøndelag","selbu_flub","FLUB","UB",2012,4,0.0131591930526316,2.61793827678355,0,0,0.0207481962107449,4.12772248397572
"450","Trøndelag","selbu_flub","FLUB","UB",2013,5,0.0183073183157895,3.64212525589336,0,0,0.0296402803010641,5.8967464056796
"451","Trøndelag","selbu_flub","FLUB","UB",2014,6,0.0262770578947368,5.2276545673241,0,0,0.0377913573838567,7.51835166724149
"452","Trøndelag","selbu_flub","FLUB","UB",2015,7,0.0250734294736842,4.98820030125358,0,0,0.0607625746171813,12.0883301316432
"453","Trøndelag","selbu_flub","FLUB","UB",2016,8,0.0679778875789474,13.5237710364183,0,0,0.0501414741759666,9.97532933627463
"454","Trøndelag","selbu_flub","FLUB","UB",2017,9,0.073412996631579,14.6050516263806,0,0,0.0484124578250712,9.63135246261
"455","Trøndelag","selbu_flub","FLUB","UB",2018,10,0.0598640538947368,11.9095751135837,0,0,0.0644676096548142,12.8254234323531
"456","Trøndelag","hi_tydal","HIB","B",2009,1,0.00124900555789474,0.248481760610247,0,0,0.00249325849987023,0.496018018325288
"457","Trøndelag","hi_tydal","HIB","B",2010,2,0.00178688976842105,0.355490424255678,0,0,0.0030235011679211,0.601506445398452
"458","Trøndelag","hi_tydal","HIB","B",2011,3,0.00283197397894737,0.563403321821371,0,0,0.00561080327017909,1.11623384395647
"459","Trøndelag","hi_tydal","HIB","B",2012,4,0.00257837397894737,0.51295120486124,0.000166408143480368,0.0331058482570574,0.00731999740461979,1.45626721295636
"460","Trøndelag","hi_tydal","HIB","B",2013,5,0.00429701608421053,0.854864187934357,0.000166408143480368,0.0331058482570574,0.0117030041526084,2.32823869989075
"461","Trøndelag","hi_tydal","HIB","B",2014,6,0.00429701608421053,0.854864187934357,0.000166408143480368,0.0331058482570574,0.0207285491824552,4.12381383188902
"462","Trøndelag","hi_tydal","HIB","B",2015,7,0.00612257675789474,1.21804794434812,0.000166408143480368,0.0331058482570574,0.0229586296392421,4.56747424212686
"463","Trøndelag","hi_tydal","HIB","B",2016,8,0.0098321696,1.95604799144733,0.000166408143480368,0.0331058482570574,0.0411884505580067,8.19418188075363
"464","Trøndelag","hi_tydal","HIB","B",2017,9,0.0291284061473684,5.79491227842754,0.000166408143480368,0.0331058482570574,0.0353030495717623,7.02331855695523
"465","Trøndelag","hi_tydal","HIB","B",2018,10,0.0357858383157895,7.11936632580655,0.000166408143480368,0.0331058482570574,0.0427435764339475,8.50356434361125
"466","Trøndelag","hi_tydal","HIUB","UB",2009,1,0.00138321347368421,0.275181577110192,9.06852884149297e-05,0.0180412648961878,0.00271702569426421,0.540535087187297
"467","Trøndelag","hi_tydal","HIUB","UB",2010,2,0.00396120863157894,0.788057417917589,9.06852884149297e-05,0.0180412648961878,0.00568105372437062,1.13020972775526
"468","Trøndelag","hi_tydal","HIUB","UB",2011,3,0.00428106631578948,0.85169108232763,9.06852884149297e-05,0.0180412648961878,0.00691606540358163,1.37590749465858
"469","Trøndelag","hi_tydal","HIUB","UB",2012,4,0.00868540694736842,1.72790681054797,0.000362741153659719,0.0721650595847513,0.0155611471580587,3.09579186298179
"470","Trøndelag","hi_tydal","HIUB","UB",2013,5,0.0126732943157895,2.52127179452039,0.000362741153659719,0.0721650595847513,0.0234652219050091,4.66825757116302
"471","Trøndelag","hi_tydal","HIUB","UB",2014,6,0.0183490216842105,3.6504218774281,0.000816167595734367,0.16237138406569,0.0368033480404879,7.32179345371883
"472","Trøndelag","hi_tydal","HIUB","UB",2015,7,0.0228293694736842,4.54175874926008,0.00145096461463888,0.288660238339006,0.0316162989878017,6.2898628327249
"473","Trøndelag","hi_tydal","HIUB","UB",2016,8,0.0620862029473684,12.3516576211003,0.00226713221037324,0.451031622404695,0.0632325979756033,12.5797256654498
"474","Trøndelag","hi_tydal","HIUB","UB",2017,9,0.0729004406315789,14.5030818501163,0.00226713221037324,0.451031622404695,0.0496474695042822,9.87705022951331
"475","Trøndelag","hi_tydal","HIUB","UB",2018,10,0.0803810406315789,15.9912999342328,0.00326467038293747,0.649485536262762,0.0573045419153905,11.4003763843139
"476","Hedmark","halvard_pramhus","HPB","B",2013,1,0.00204654736842105,0.407147662444901,0.0173064469219583,3.44300821873398,0.00083108616662341,0.165339339441763
"477","Hedmark","halvard_pramhus","HPB","B",2014,2,0.00219515789473684,0.436712787268209,0.0267917111003393,5.33004156938625,0.00083108616662341,0.165339339441763
"478","Hedmark","halvard_pramhus","HPB","B",2015,3,0.00247944210526316,0.493269333953509,0.0299534658264663,5.95905268627035,0.00083108616662341,0.165339339441763
"479","Hedmark","halvard_pramhus","HPB","B",2016,4,0.0034066,0.677721536421063,0.0447637905962191,8.90547318114846,0.00083108616662341,0.165339339441763
"480","Hedmark","halvard_pramhus","HPB","B",2017,5,0.00304801052631579,0.606382427324109,0.0507544837615123,10.0972837184025,0.00098150791590968,0.195264795626062
"481","Hedmark","halvard_pramhus","HPB","B",2018,6,0.00635443157894737,1.26417399541089,0.0577436257876878,11.4877293451989,0.00269070205035038,0.535298164625951
"482","Hedmark","halvard_pramhus","HPUB","UB",2013,1,0.00360471831578948,0.717135923014733,0.00353672624818226,0.703609330951326,0,0
"483","Hedmark","halvard_pramhus","HPUB","UB",2014,2,0.00410603578947368,0.816869865508712,0.00435289384391663,0.865980715017016,0,0
"484","Hedmark","halvard_pramhus","HPUB","UB",2015,3,0.00639573515789473,1.27239108135696,0.00725482307319438,1.44330119169503,0.000247002335842201,0.0491395533806634
"485","Hedmark","halvard_pramhus","HPUB","UB",2016,4,0.00754141978947367,1.50031779678222,0.010338122879302,2.05670419816541,0.000247002335842201,0.0491395533806634
"486","Hedmark","halvard_pramhus","HPUB","UB",2017,5,0.00930210610526315,1.85059520977241,0.0152351284537082,3.03093250255956,0.000494004671684402,0.0982791067613268
"487","Hedmark","halvard_pramhus","HPUB","UB",2018,6,0.00861716,1.7143295117672,0.0171395195104217,3.4097990653795,0.000494004671684402,0.0982791067613268
"488","Trøndelag","selbu_kl","KLB","B",2009,1,0.000593195031578947,0.118012401866678,0.000499224430441104,0.0993175447711722,0.0133259278484298,2.65110911045443
"489","Trøndelag","selbu_kl","KLB","B",2010,2,0.000905134652631579,0.180070817662602,0.00083204071740184,0.165529241285287,0.0131755060991435,2.62118365427013
"490","Trøndelag","selbu_kl","KLB","B",2011,3,0.000846795031578947,0.168464518826809,0.000665632573921472,0.13242339302823,0.0133259278484298,2.65110911045443
"491","Trøndelag","selbu_kl","KLB","B",2012,4,0.00199686871578947,0.397264408529325,0.000665632573921472,0.13242339302823,0.0137771930962886,2.74088547900733
"492","Trøndelag","selbu_kl","KLB","B",2013,5,0.00225046871578947,0.447716525489456,0.00199689772176442,0.397270179084689,0.0137771930962886,2.74088547900733
"493","Trøndelag","selbu_kl","KLB","B",2014,6,0.00250406871578947,0.498168642449586,0.00266253029568589,0.529693572112919,0.0255801907604464,5.08901725594834
"494","Trøndelag","selbu_kl","KLB","B",2015,7,0.00335582164210526,0.667619503094767,0.00199689772176442,0.397270179084689,0.0254297690111601,5.05909179976404
"495","Trøndelag","selbu_kl","KLB","B",2016,8,0.0298336962526316,5.93522528663559,0.0296206495395055,5.89284098975622,0.0167141837529198,3.32518120502929
"496","Trøndelag","selbu_kl","KLB","B",2017,9,0.0381654293052632,7.59277091144614,0.0331152205525932,6.58806380315442,0.016864605502206,3.35510666121358
"497","Trøndelag","selbu_kl","KLB","B",2018,10,0.0356467893894737,7.09170342086308,0.0267917111003393,5.33004156938624,0.00421934207111341,0.839411434016618
"498","Trøndelag","selbu_kl","KLUB","UB",2009,1,0.000198101894736842,0.0394111197290485,0.000181370576829859,0.0360825297923756,0.00395203737347521,0.786232854090613
"499","Trøndelag","selbu_kl","KLUB","UB",2010,2,0.000396909263157895,0.0789625889881762,0.000181370576829859,0.0360825297923756,0.00617505839605502,1.22848883451658
"500","Trøndelag","selbu_kl","KLUB","UB",2011,3,0.000686616000000001,0.136597913007481,0.000725482307319438,0.144330119169503,0.00617505839605502,1.22848883451658
"501","Trøndelag","selbu_kl","KLUB","UB",2012,4,0.00131143915789474,0.260902530679025,0.000725482307319438,0.144330119169503,0.0125971191279522,2.50611722241382
"502","Trøndelag","selbu_kl","KLUB","UB",2013,5,0.00148114,0.294663440513913,0.00262987336403296,0.523196681989447,0.0128441214637944,2.55525677579449
"503","Trøndelag","selbu_kl","KLUB","UB",2014,6,0.00148114,0.294663440513913,0.00262987336403296,0.523196681989447,0.0128441214637944,2.55525677579449
"504","Trøndelag","selbu_kl","KLUB","UB",2015,7,0.00172789242105263,0.343753274926936,0.00262987336403296,0.523196681989447,0.0128441214637944,2.55525677579449
"505","Trøndelag","selbu_kl","KLUB","UB",2016,8,0.00352431831578948,0.701140851233998,0.0514185585312652,10.2293971961385,0.0140791331430054,2.8009545426978
"506","Trøndelag","selbu_kl","KLUB","UB",2017,9,0.00514001747368422,1.02257398564445,0.0625728490063015,12.4484727783696,0.0130911237996366,2.60439632917515
"507","Trøndelag","selbu_kl","KLUB","UB",2018,10,0.00503885010526316,1.00244737718969,0.0601243462190984,11.9613586261725,0.0125971191279522,2.50611722241382
"508","Trøndelag","singsaas","LAB","B",2009,1,0.000473069305263157,0.0941141479471003,0.000499224430441104,0.0993175447711722,0.00599815728004152,1.19329547570156
"509","Trøndelag","singsaas","LAB","B",2010,2,0.000473069305263157,0.0941141479471003,0.000499224430441104,0.0993175447711722,0.00463682844536724,0.922467709186631
"510","Trøndelag","singsaas","LAB","B",2011,3,0.000473069305263157,0.0941141479471003,0.00116485700436258,0.231740937799402,0.00637797819880612,1.26885844659042
"511","Trøndelag","singsaas","LAB","B",2012,4,0.000726669305263157,0.144566264907231,0.00133126514784295,0.264846786056459,0.00837865948611471,1.66688134212369
"512","Trøndelag","singsaas","LAB","B",2013,5,0.000875279831578947,0.174131389730539,0.00133126514784295,0.264846786056459,0.0106180962886063,2.11240313819675
"513","Trøndelag","singsaas","LAB","B",2014,6,0.000875279831578947,0.174131389730539,0.00199689772176442,0.397270179084689,0.012327290423047,2.45243650719664
"514","Trøndelag","singsaas","LAB","B",2015,7,0.00138247983157895,0.2750356236508,0.00282893843916626,0.562799420369976,0.00890890215416558,1.77236976919686
"515","Trøndelag","singsaas","LAB","B",2016,8,0.00223006610526316,0.443657555092903,0.014477508482792,2.880208798364,0.0241017389047496,4.79488860475142
"516","Trøndelag","singsaas","LAB","B",2017,9,0.00508516303157895,1.01166104112995,0.014477508482792,2.880208798364,0.0240547171035557,4.78553391463506
"517","Trøndelag","singsaas","LAB","B",2018,10,0.00538526551578947,1.07136453337528,0.015808773630635,3.14505558442046,0.0159186997145082,3.1669246839494
"518","Trøndelag","singsaas","LAUB","UB",2009,1,0,0,9.06852884149297e-05,0.0180412648961878,0.0155611471580586,3.09579186298178
"519","Trøndelag","singsaas","LAUB","UB",2010,2,0,0,9.06852884149297e-05,0.0180412648961878,0.0167961588372696,3.3414896298851
"520","Trøndelag","singsaas","LAUB","UB",2011,3,0.000246752421052632,0.0490898344130238,0.000272055865244789,0.0541237946885635,0.0177841681806384,3.53804784340775
"521","Trøndelag","singsaas","LAUB","UB",2012,4,0.000246752421052632,0.0490898344130238,0.000362741153659719,0.0721650595847513,0.0175371658447962,3.48890829002709
"522","Trøndelag","singsaas","LAUB","UB",2013,5,0.000528307578947368,0.105103453327982,0.00108822346097916,0.216495178754254,0.0195131845315338,3.8820247170724
"523","Trøndelag","singsaas","LAUB","UB",2014,6,0.00059895747368421,0.119158803298345,0.00108822346097916,0.216495178754254,0.019760186867376,3.93116427045306
"524","Trøndelag","singsaas","LAUB","UB",2015,7,0.000669607368421052,0.133214153268708,0.00145096461463888,0.288660238339005,0.0207481962107448,4.12772248397571
"525","Trøndelag","singsaas","LAUB","UB",2016,8,0.000740257263157894,0.147269503239071,0.00607591432380029,1.20876474804458,0.00839807941863483,1.67074481494255
"526","Trøndelag","singsaas","LAUB","UB",2017,9,0.000924511368421052,0.183925692786079,0.00716413778477945,1.42525992679884,0.0187721775240073,3.73460605693042
"527","Trøndelag","singsaas","LAUB","UB",2018,10,0.000952912421052631,0.18957590268024,0.00779893480368395,1.55154878107215,0.0118561121204256,2.35869856227184
"528","Trøndelag","malvik","MAB","B",2009,1,0.00127722004210526,0.254094853896364,0,0,0.0060620685180379,1.20601021250937
"529","Trøndelag","malvik","MAB","B",2010,2,0.00138330922105263,0.275200625443907,0,0,0.0094804567869193,1.88607695050914
"530","Trøndelag","malvik","MAB","B",2011,3,0.00150316463157895,0.299045101745871,0,0,0.012684512068518,2.52350349551681
"531","Trøndelag","malvik","MAB","B",2012,4,0.00191899402105263,0.381771730267899,0,0,0.0263299961069297,5.23818629001027
"532","Trøndelag","malvik","MAB","B",2013,5,0.00193495966315789,0.384947993843759,0,0,0.0310590449000778,6.17900065445064
"533","Trøndelag","malvik","MAB","B",2014,6,0.00248658568421053,0.49469050382956,0,0,0.0433733324682066,8.62885032585409
"534","Trøndelag","malvik","MAB","B",2015,7,0.00206760454736842,0.411336855091206,0,0,0.0456127692706981,9.07437212192714
"535","Trøndelag","malvik","MAB","B",2016,8,0.00495583048421053,0.985931148359508,0,0,0.0410380288087205,8.16425642456933
"536","Trøndelag","malvik","MAB","B",2017,9,0.0056093568,1.11594607785767,0,0,0.054213534907864,10.7854400788395
"537","Trøndelag","malvik","MAB","B",2018,10,0.00579811747368421,1.15349882070542,0,0,0.052353919024137,10.4154812536553
"538","Trøndelag","malvik","MAUB","UB",2009,1,0.000861307578947369,0.171351698389983,0.000453426442074649,0.0902063244809391,0.00345803270179081,0.687953747329287
"539","Trøndelag","malvik","MAUB","UB",2010,2,0.00185471894736842,0.368984610649852,0.00126959403780902,0.25257770854663,0.00444604204515962,0.884511960851941
"540","Trøndelag","malvik","MAUB","UB",2011,3,0.00228468105263158,0.454522853643389,0.00299261451769268,0.595361741574198,0.00691606540358163,1.37590749465858
"541","Trøndelag","malvik","MAUB","UB",2012,4,0.0048424267368421,0.963370189660971,0.00634797018904509,1.26288854273315,0.0192661821956917,3.83288516369174
"542","Trøndelag","malvik","MAUB","UB",2013,5,0.00597820989473684,1.18932706948531,0.00843373182258847,1.67783763534547,0.0321103036594861,6.38814193948624
"543","Trøndelag","malvik","MAUB","UB",2014,6,0.0103250429473684,2.05410202838725,0.0112449757634513,2.23711684712729,0.0276642616143265,5.5036299786343
"544","Trøndelag","malvik","MAUB","UB",2015,7,0.0122600018947368,2.43904987982921,0.0123331992244304,2.45361202588154,0.0496474695042823,9.87705022951332
"545","Trøndelag","malvik","MAUB","UB",2016,8,0.0247668551578947,4.92720927902494,0.0208576163354338,4.1494909261232,0.045695432130807,9.0908173754227
"546","Trøndelag","malvik","MAUB","UB",2017,9,0.0301538402105263,5.99891590338552,0.0259359924866699,5.15980176030972,0.0545875162211263,10.8598412971266
"547","Trøndelag","malvik","MAUB","UB",2018,10,0.032837128,6.5327390476766,0.0280217541202133,5.57475085292204,0.046930443810018,9.33651514232602
"548","Hedmark","stig_dahlen","SDB","B",2013,1,0.00138592631578947,0.275721279898792,0.000332816286960736,0.0662116965141148,0.0060620685180379,1.20601021250937
"549","Hedmark","stig_dahlen","SDB","B",2014,2,0.00136996067368421,0.272545016322931,0.000332816286960736,0.0662116965141148,0.00935263431092654,1.86064747689353
"550","Hedmark","stig_dahlen","SDB","B",2015,3,0.00329555292631579,0.655629423055148,0.000499224430441104,0.0993175447711722,0.0124777121723333,2.48236196338094
"551","Hedmark","stig_dahlen","SDB","B",2016,4,0.00480311637894737,0.955549642443899,0.000665632573921472,0.13242339302823,0.0297447378665974,5.91752757805208
"552","Hedmark","stig_dahlen","SDB","B",2017,5,0.00592428757894737,1.17859956560924,0.000665632573921472,0.13242339302823,0.0575942577212561,11.4580135125581
"553","Hedmark","stig_dahlen","SDB","B",2018,6,0.0072566848,1.44367157047478,0.00183048957828405,0.364164330827632,0.0790281339216194,15.7221476961925
"554","Hedmark","stig_dahlen","SDUB","UB",2013,1,0.0134118541052632,2.66820359609995,0.00163233519146874,0.324742768131381,0.00741007007526603,1.4741866014199
"555","Hedmark","stig_dahlen","SDUB","UB",2014,2,0.0230091842105263,4.57753175452156,0.00299261451769268,0.595361741574198,0.01235011679211,2.45697766903317
"556","Hedmark","stig_dahlen","SDUB","UB",2015,3,0.0468352696842105,9.31758085160511,0.0069827672079496,1.38917739700646,0.0133381261354788,2.65353588255582
"557","Hedmark","stig_dahlen","SDUB","UB",2016,4,0.0591782345263157,11.7731356853933,0.0126959403780902,2.5257770854663,0.0296402803010641,5.8967464056796
"558","Hedmark","stig_dahlen","SDUB","UB",2017,5,0.0607524703157894,12.0863199447519,0.0189532252787203,3.77062436330325,0.0543405138852841,10.8107017437459
"559","Hedmark","stig_dahlen","SDUB","UB",2018,6,0.0603694888421052,12.0101282014401,0.0233968044110519,4.65464634321646,0.057798546587075,11.4986554910752
"560","Trøndelag","sl_tydal","SEB","B",2009,1,0.000651534652631579,0.129618700702471,0.000166408143480368,0.0331058482570574,0.00045126524785881,0.0897763685528987
"561","Trøndelag","sl_tydal","SEB","B",2010,2,0.000651534652631579,0.129618700702471,0.000166408143480368,0.0331058482570574,0.00128235141448222,0.255115707994662
"562","Trøndelag","sl_tydal","SEB","B",2011,3,0.000651534652631579,0.129618700702471,0.000832040717401841,0.165529241285287,0.00128235141448222,0.255115707994662
"563","Trøndelag","sl_tydal","SEB","B",2012,4,0.00169661886315789,0.337531598268164,0.000832040717401841,0.165529241285287,0.00488311705164807,0.97146527058264
"564","Trøndelag","sl_tydal","SEB","B",2013,5,0.00168065322105263,0.334355334692303,0.00149767329132331,0.297952634313517,0.00823759408253309,1.63881727177461
"565","Trøndelag","sl_tydal","SEB","B",2014,6,0.00185884825263158,0.36980610983006,0.00149767329132331,0.297952634313517,0.0109753179340774,2.18347012651692
"566","Trøndelag","sl_tydal","SEB","B",2015,7,0.00321890088421053,0.640379983806222,0.00299534658264663,0.595905268627035,0.0150011030365949,2.98437462513114
"567","Trøndelag","sl_tydal","SEB","B",2016,8,0.0142286522105263,2.83070041605086,0.00482583616093069,0.960069599454668,0.0235546067998962,4.68604013098681
"568","Trøndelag","sl_tydal","SEB","B",2017,9,0.0144054528,2.86587377574623,0.00665632573921474,1.3242339302823,0.0310213794445886,6.17150735016949
"569","Trøndelag","sl_tydal","SEB","B",2018,10,0.0143140821894737,2.847696170348,0.00765477460009695,1.52286901982465,0.0312357124318713,6.2141475431616
"570","Trøndelag","sl_tydal","SEUB","UB",2009,1,0.00101820505263158,0.202565459009324,0,0,0.00148201401505321,0.29483732028398
"571","Trøndelag","sl_tydal","SEUB","UB",2010,2,0.00103741010526316,0.206386182832644,0.000181370576829859,0.0360825297923756,0.00296402803010641,0.58967464056796
"572","Trøndelag","sl_tydal","SEUB","UB",2011,3,0.00227328863157895,0.452256403488,0.000181370576829859,0.0360825297923756,0.00395203737347521,0.786232854090614
"573","Trøndelag","sl_tydal","SEUB","UB",2012,4,0.00346051663157895,0.688447909459381,0.000181370576829859,0.0360825297923756,0.00691606540358163,1.37590749465858
"574","Trøndelag","sl_tydal","SEUB","UB",2013,5,0.00491378210526316,0.977565889161414,0.000906852884149297,0.180412648961878,0.0103740981053724,2.06386124198786
"575","Trøndelag","sl_tydal","SEUB","UB",2014,6,0.0080515667368421,1.60180830725338,0.000906852884149297,0.180412648961878,0.0200071892032183,3.98030382383373
"576","Trøndelag","sl_tydal","SEUB","UB",2015,7,0.0121580490526316,2.41876700635006,0.00217644692195831,0.432990357508508,0.0160551518297431,3.19407096974312
"577","Trøndelag","sl_tydal","SEUB","UB",2016,8,0.066638815368421,13.2573710845905,0.00752687893843917,1.49742498638359,0.0355683363612769,7.07609568681553
"578","Trøndelag","sl_tydal","SEUB","UB",2017,9,0.0721544406315789,14.3546698656831,0.00924989941832284,1.84020901941116,0.0459424344666494,9.13995692880339
"579","Trøndelag","sl_tydal","SEUB","UB",2018,10,0.0831066383157895,16.5335403646353,0.0158699254726127,3.15722135683287,0.0501414741759667,9.97532933627466
"580","Trøndelag","selbu_sl","SLB","B",2009,1,0.000190984505263158,0.0379951600832396,0,0,0.00249325849987023,0.496018018325288
"581","Trøndelag","selbu_sl","SLB","B",2010,2,0.000622779536842105,0.123898052181128,0,0,0.00508056060212822,1.0107454168833
"582","Trøndelag","selbu_sl","SLB","B",2011,3,0.00116066374736842,0.230906715826559,0,0,0.011639092914612,2.31552396308294
"583","Trøndelag","selbu_sl","SLB","B",2012,4,0.000934719157894736,0.185956467977051,0,0,0.0148431481962107,2.95295050809061
"584","Trøndelag","selbu_sl","SLB","B",2013,5,0.00244228261052632,0.485876687365802,0,0,0.0264541720737088,5.26289031366791
"585","Trøndelag","selbu_sl","SLB","B",2014,6,0.00236797734736842,0.471094124954148,0,0,0.0441217947054243,8.77775215681762
"586","Trøndelag","selbu_sl","SLB","B",2015,7,0.00232132749473684,0.461813431653118,0,0,0.0461188294835193,9.17504960239292
"587","Trøndelag","selbu_sl","SLB","B",2016,8,0.00583448572631579,1.16073405467783,0,0,0.0611539514663898,12.1661920818472
"588","Trøndelag","selbu_sl","SLB","B",2017,9,0.00782046964210526,1.55583300105145,0.000166408143480368,0.0331058482570574,0.0730715286789514,14.5371187356704
"589","Trøndelag","selbu_sl","SLB","B",2018,10,0.00903595545263158,1.7976462198056,0.000665632573921473,0.13242339302823,0.103328036594861,20.5564597300655
"590","Trøndelag","selbu_sl","SLUB","UB",2009,1,0.000833612000000001,0.165841838025902,0,0,0.00271702569426421,0.540535087187297
"591","Trøndelag","selbu_sl","SLUB","UB",2010,2,0.00147552378947369,0.293546130930528,0,0,0.00247002335842201,0.491395533806634
"592","Trøndelag","selbu_sl","SLUB","UB",2011,3,0.00321446968421053,0.639498424576437,0,0,0.00889208409031924,1.76902392170388
"593","Trøndelag","selbu_sl","SLUB","UB",2012,4,0.00453871221052632,0.902948104471008,0,0,0.0155611471580587,3.09579186298179
"594","Trøndelag","selbu_sl","SLUB","UB",2013,5,0.00567133452631579,1.12827615473861,0,0,0.0229712172333247,4.56997846440169
"595","Trøndelag","selbu_sl","SLUB","UB",2014,6,0.00926573242105263,1.8433588952217,0,0,0.0301342849727485,5.99502551244093
"596","Trøndelag","selbu_sl","SLUB","UB",2015,7,0.0124584892631579,2.4785376871111,0,0,0.0387793667272254,7.71490988076413
"597","Trøndelag","selbu_sl","SLUB","UB",2016,8,0.0409496454736842,8.14667311874687,0,0,0.0454484297949649,9.04167782204204
"598","Trøndelag","selbu_sl","SLUB","UB",2017,9,0.0485229850526316,9.65334115587558,0,0,0.0580455489229171,11.5477950444559
"599","Trøndelag","selbu_sl","SLUB","UB",2018,10,0.0445377216842105,8.8604982001165,0,0,0.0558225279003373,11.1055390640299
"600","Hedmark","stangeskovene_aurskog","SSAB","B",2013,1,0.00105802105263158,0.210486600527008,0.00183048957828405,0.364164330827632,0,0
"601","Hedmark","stangeskovene_aurskog","SSAB","B",2014,2,0.00149091578947368,0.296608272035616,0.00232971400872516,0.463481875598804,0.00015042174928627,0.0299254561842996
"602","Hedmark","stangeskovene_aurskog","SSAB","B",2015,3,0.00174451578947368,0.347060388995746,0.00399379544352884,0.79454035816938,0.00015042174928627,0.0299254561842996
"603","Hedmark","stangeskovene_aurskog","SSAB","B",2016,4,0.00149091578947368,0.296608272035616,0.0134790596219098,2.68157370882166,0.00015042174928627,0.0299254561842996
"604","Hedmark","stangeskovene_aurskog","SSAB","B",2017,5,0.0022824,0.454069052641177,0.00732195831313621,1.45665732331053,0.00015042174928627,0.0299254561842996
"605","Hedmark","stangeskovene_aurskog","SSAB","B",2018,6,0.00289458947368421,0.575860278698262,0.0267917111003393,5.33004156938626,0.00015042174928627,0.0299254561842996
"606","Hedmark","stangeskovene_aurskog","SSAUB","UB",2013,1,0.00317088989473684,0.630828500934385,0.00163233519146873,0.324742768131381,0.00444604204515962,0.884511960851941
"607","Hedmark","stangeskovene_aurskog","SSAUB","UB",2014,2,0.00355789768421053,0.707821254321641,0.00172302047988366,0.342784033027569,0.00345803270179081,0.687953747329288
"608","Hedmark","stangeskovene_aurskog","SSAUB","UB",2015,3,0.00581033894736842,1.1559302056413,0.0042622085555017,0.847939450120828,0.00592805606021283,1.17934928113592
"609","Hedmark","stangeskovene_aurskog","SSAUB","UB",2016,4,0.00732461178947368,1.45718521565489,0.0076175642268541,1.51546625127978,0.00691606540358163,1.37590749465858
"610","Hedmark","stangeskovene_aurskog","SSAUB","UB",2017,5,0.00992821368421051,1.97515535489338,0.0119704580707707,2.38144696629679,0.00765707241110822,1.52332615480056
"611","Hedmark","stangeskovene_aurskog","SSAUB","UB",2018,6,0.0102793743157895,2.0450165428122,0.0186811694134755,3.71650056861469,0.0106211004412146,2.11300079536852
"612","Hedmark","stangeskovene eidskog ","SSBB","B",2013,1,7.43052631578947e-05,0.0147825624116538,0.000332816286960736,0.0662116965141148,0.00995067479885803,1.97962385167276
"613","Hedmark","stangeskovene eidskog ","SSBB","B",2014,2,0.000222915789473684,0.0443476872349614,0.000998448860882209,0.198635089542345,0.0141570140150532,2.81644844989619
"614","Hedmark","stangeskovene eidskog ","SSBB","B",2015,3,0.000730115789473684,0.145251921155223,0.00116485700436258,0.231740937799402,0.0148376784323903,2.95186233315366
"615","Hedmark","stangeskovene eidskog ","SSBB","B",2016,4,0.000804421052631579,0.160034483566877,0.00349457101308774,0.695222813398207,0.014687256683104,2.92193687696936
"616","Hedmark","stangeskovene eidskog ","SSBB","B",2017,5,0.00113232631578947,0.225269162938661,0.00615710130877363,1.22491638551113,0.014687256683104,2.92193687696936
"617","Hedmark","stangeskovene eidskog ","SSBB","B",2018,6,0.00131162105263158,0.260938717487138,0.00665632573921473,1.3242339302823,0.0182560667012717,3.63192907115343
"618","Hedmark","stangeskovene eidskog ","SSBUB","UB",2013,1,0.00183271957894737,0.364607975363464,9.06852884149297e-05,0.0180412648961878,0.000494004671684402,0.0982791067613268
"619","Hedmark","stangeskovene eidskog ","SSBUB","UB",2014,2,0.00461451284210526,0.918028160977604,9.06852884149297e-05,0.0180412648961878,0.001235011679211,0.245697766903317
"620","Hedmark","stangeskovene eidskog ","SSBUB","UB",2015,3,0.00933030063157893,1.85620433256153,0.000725482307319438,0.144330119169503,0.00247002335842201,0.491395533806634
"621","Hedmark","stangeskovene eidskog ","SSBUB","UB",2016,4,0.0136928389473684,2.72410375429363,0.000362741153659719,0.0721650595847513,0.00370503503763301,0.737093300709951
"622","Hedmark","stangeskovene eidskog ","SSBUB","UB",2017,5,0.019602364,3.89976640860827,0.00181370576829859,0.360825297923756,0.00345803270179081,0.687953747329288
"623","Hedmark","stangeskovene eidskog ","SSBUB","UB",2018,6,0.0161192938947368,3.20683162812297,0.00399015269025691,0.793815655432264,0.0103740981053724,2.06386124198786
"624","Hedmark","eidskog","STSKNB","B",2013,1,0.000686494736842105,0.136573788468739,0.0128134270479884,2.54915031579343,0.00181259408253309,0.360604135067825
"625","Hedmark","eidskog","STSKNB","B",2014,2,0.0010144,0.201808467840523,0.0198025690741638,3.93959594258984,0.00352178821697379,0.700637504067714
"626","Hedmark","eidskog","STSKNB","B",2015,3,0.00119369473684211,0.237478022389,0.0203017935046049,4.03891348736101,0.00687626524785881,1.36798950525968
"627","Hedmark","eidskog","STSKNB","B",2016,4,0.00119369473684211,0.237478022389,0.0349457101308774,6.95222813398207,0.00687626524785881,1.36798950525968
"628","Hedmark","eidskog","STSKNB","B",2017,5,0.00173157894736842,0.344486686034431,0.0452630150266602,9.00479072591963,0.00352178821697379,0.700637504067714
"629","Hedmark","eidskog","STSKNB","B",2018,6,0.00180588421052632,0.359269248446085,0.0487575860397479,9.70001353931784,0.00790479496496237,1.57260899100211
"630","Hedmark","eidskog","STSKNUB","UB",2013,1,0.000246752421052632,0.0490898344130238,0.0106101787445468,2.11082799285398,0.0125971191279522,2.50611722241382
"631","Hedmark","eidskog","STSKNUB","UB",2014,2,0.000246752421052632,0.0490898344130238,0.0162326666262724,3.22938641641762,0.0125971191279522,2.50611722241382
"632","Hedmark","eidskog","STSKNUB","UB",2015,3,0.000493504842105264,0.0981796688260476,0.01931596643238,3.84278942288801,0.0138321308071632,2.75181498931714
"633","Hedmark","eidskog","STSKNUB","UB",2016,4,0.00077506,0.154193287741005,0.0248477690256908,4.94330658155547,0.0138321308071632,2.75181498931714
"634","Hedmark","eidskog","STSKNUB","UB",2017,5,0.00077506,0.154193287741005,0.0231247485458071,4.6005225485279,0.0138321308071632,2.75181498931714
"635","Hedmark","eidskog","STSKNUB","UB",2018,6,0.00077506,0.154193287741005,0.0276590129665536,5.50258579333729,0.013585128471321,2.70267543593648
"636","Hedmark","truls_holm","THB","B",2013,1,0.00144316623157895,0.287108799323865,0.00332816286960736,0.662116965141149,0.00299154554892292,0.59514907699455
"637","Hedmark","truls_holm","THB","B",2014,2,0.00132331082105263,0.263264323021901,0.00465942801745032,0.92696375119761,0.00702668699714508,1.39791496144398
"638","Hedmark","truls_holm","THB","B",2015,3,0.00157691082105263,0.313716439982032,0.00732195831313622,1.45665732331053,0.0225920516480664,4.49454586797146
"639","Hedmark","truls_holm","THB","B",2016,4,0.00195036623157895,0.388013033244127,0.0121477944740669,2.4167269227652,0.0060620685180379,1.20601021250937
"640","Hedmark","truls_holm","THB","B",2017,5,0.00387595848421053,0.771097439976344,0.0244619970916142,4.86655969378745,0.0305966000519076,6.08700017508354
"641","Hedmark","truls_holm","THB","B",2018,6,0.00384830307368421,0.765595570865721,0.0475927290353853,9.46827260151844,0.0110618284453672,2.20068084589342
"642","Hedmark","truls_holm","THUB","UB",2013,1,0.00296988610526316,0.590840067590711,0.000544111730489578,0.108247589377127,0.0190191798598494,3.78374561031107
"643","Hedmark","truls_holm","THUB","UB",2014,2,0.00532882442105263,1.06013593434917,0.00126959403780902,0.252577708546629,0.0269232546067999,5.3562113184923
"644","Hedmark","truls_holm","THUB","UB",2015,3,0.0101965189473684,2.02853299100481,0.00244850278720311,0.487114152197072,0.0303812873085906,6.04416506582158
"645","Hedmark","truls_holm","THUB","UB",2016,4,0.014830603368421,2.9504547938994,0.00716413778477946,1.42525992679884,0.0531055022060731,10.5650039768426
"646","Hedmark","truls_holm","THUB","UB",2017,5,0.0206253722105263,4.10328742551934,0.00970332586039748,1.9304153438921,0.0432254087723851,8.59942184161607
"647","Hedmark","truls_holm","THUB","UB",2018,6,0.0250639176842105,4.98630799086309,0.012967996243335,2.57990088015486,0.0424844017648585,8.45200318147408
