"","Month","Spruce_Albedo","Pine_Albedo","Birch_Albedo","Composite_Albedo","LocalityCode","LocalityName","Treatment","Region","Years_Since_Clearcut","Productivity_Index","Moose_Density","Red_Deer_Density","Roe_Deer_Density","Canopy_Height_MAD"
"1",1,0.246085315304793,0.261945754981069,0.267284034126368,0.266513665285072,"1BBB","steinkjer_1bbb","B","trondelag",11,0.115979123,107.5650526,2.431337072,17.86445891,0.0830256025627255
"2",2,0.368937995277183,0.394320142527549,0.437702235919268,0.434980534586276,"1BBB","steinkjer_1bbb","B","trondelag",11,0.115979123,107.5650526,2.431337072,17.86445891,0.0830256025627255
"3",3,0.323063740025835,0.345634781655438,0.376956575524376,0.374846377781956,"1BBB","steinkjer_1bbb","B","trondelag",11,0.115979123,107.5650526,2.431337072,17.86445891,0.0830256025627255
"4",4,0.14589028537755,0.14362764557914,0.153135256372459,0.152806303425682,"1BBB","steinkjer_1bbb","B","trondelag",11,0.115979123,107.5650526,2.431337072,17.86445891,0.0830256025627255
"5",5,0.141128137121589,0.137896550076806,0.150166417169643,0.149752545483446,"1BBB","steinkjer_1bbb","B","trondelag",11,0.115979123,107.5650526,2.431337072,17.86445891,0.0830256025627255
"6",6,0.14112813644692,0.137896530346588,0.150166416696858,0.149752544839166,"1BBB","steinkjer_1bbb","B","trondelag",11,0.115979123,107.5650526,2.431337072,17.86445891,0.0830256025627255
"7",7,0.141128136446271,0.137896530286884,0.150166416696478,0.149752544838269,"1BBB","steinkjer_1bbb","B","trondelag",11,0.115979123,107.5650526,2.431337072,17.86445891,0.0830256025627255
"8",8,0.141128136446379,0.137896530300127,0.150166416696538,0.149752544838444,"1BBB","steinkjer_1bbb","B","trondelag",11,0.115979123,107.5650526,2.431337072,17.86445891,0.0830256025627255
"9",9,0.141128136446614,0.137896530321897,0.150166416696676,0.149752544838769,"1BBB","steinkjer_1bbb","B","trondelag",11,0.115979123,107.5650526,2.431337072,17.86445891,0.0830256025627255
"10",10,0.141142573569081,0.137977915023045,0.150179459637741,0.149766219561763,"1BBB","steinkjer_1bbb","B","trondelag",11,0.115979123,107.5650526,2.431337072,17.86445891,0.0830256025627255
"11",11,0.208163145447938,0.213641142038105,0.229887425583681,0.229005858027368,"1BBB","steinkjer_1bbb","B","trondelag",11,0.115979123,107.5650526,2.431337072,17.86445891,0.0830256025627255
"12",12,0.221006008228734,0.237515831954343,0.233416512606288,0.233027258775842,"1BBB","steinkjer_1bbb","B","trondelag",11,0.115979123,107.5650526,2.431337072,17.86445891,0.0830256025627255
"13",1,0.241681974014889,0.2568027260293,0.262905839564532,0.261878878328259,"1KB","namdalseid_1kub","B","trondelag",10,0.222676728,75.88802955,8.758466457,7.375877596,0.035582399618905
"14",2,0.337154398389383,0.359189820737756,0.378024048262386,0.376046484558853,"1KB","namdalseid_1kub","B","trondelag",10,0.222676728,75.88802955,8.758466457,7.375877596,0.035582399618905
"15",3,0.200319139861421,0.215731924102995,0.206881972924758,0.206564416486209,"1KB","namdalseid_1kub","B","trondelag",10,0.222676728,75.88802955,8.758466457,7.375877596,0.035582399618905
"16",4,0.140317163700592,0.137681993866331,0.149248258914566,0.148816109146148,"1KB","namdalseid_1kub","B","trondelag",10,0.222676728,75.88802955,8.758466457,7.375877596,0.035582399618905
"17",5,0.139925643496267,0.137017462083548,0.148997326289929,0.148558373896687,"1KB","namdalseid_1kub","B","trondelag",10,0.222676728,75.88802955,8.758466457,7.375877596,0.035582399618905
"18",6,0.139925643368855,0.137017457202218,0.14899732620431,0.148558373809046,"1KB","namdalseid_1kub","B","trondelag",10,0.222676728,75.88802955,8.758466457,7.375877596,0.035582399618905
"19",7,0.139925643368246,0.137017457145444,0.148997326203953,0.148558373808677,"1KB","namdalseid_1kub","B","trondelag",10,0.222676728,75.88802955,8.758466457,7.375877596,0.035582399618905
"20",8,0.139925643368265,0.137017457148553,0.148997326203963,0.148558373808688,"1KB","namdalseid_1kub","B","trondelag",10,0.222676728,75.88802955,8.758466457,7.375877596,0.035582399618905
"21",9,0.139925643368324,0.137017457155606,0.148997326203997,0.148558373808722,"1KB","namdalseid_1kub","B","trondelag",10,0.222676728,75.88802955,8.758466457,7.375877596,0.035582399618905
"22",10,0.139926493467677,0.137025114964171,0.148998040683094,0.14855909485009,"1KB","namdalseid_1kub","B","trondelag",10,0.222676728,75.88802955,8.758466457,7.375877596,0.035582399618905
"23",11,0.167368916155519,0.173788384801206,0.178806427702865,0.178252999724768,"1KB","namdalseid_1kub","B","trondelag",10,0.222676728,75.88802955,8.758466457,7.375877596,0.035582399618905
"24",12,0.146404076981826,0.147234139640611,0.154274596147892,0.153893764575341,"1KB","namdalseid_1kub","B","trondelag",10,0.222676728,75.88802955,8.758466457,7.375877596,0.035582399618905
"25",1,0.227891827679975,0.242693775270611,0.250030691882421,0.2457660461173,"1NSB","nsb_verdal","B","trondelag",10,0.110463648,28.2697902,2.827400105,6.979690234,0.0459606006296352
"26",2,0.314911269063426,0.340033987310231,0.349054317392638,0.342643176945609,"1NSB","nsb_verdal","B","trondelag",10,0.110463648,28.2697902,2.827400105,6.979690234,0.0459606006296352
"27",3,0.197062949926089,0.217221061694533,0.206146611316655,0.205414990145563,"1NSB","nsb_verdal","B","trondelag",10,0.110463648,28.2697902,2.827400105,6.979690234,0.0459606006296352
"28",4,0.134209172794633,0.133036470685663,0.143412697609079,0.141110207139889,"1NSB","nsb_verdal","B","trondelag",10,0.110463648,28.2697902,2.827400105,6.979690234,0.0459606006296352
"29",5,0.134076502785815,0.13266570670933,0.143310661733344,0.140983577933229,"1NSB","nsb_verdal","B","trondelag",10,0.110463648,28.2697902,2.827400105,6.979690234,0.0459606006296352
"30",6,0.134076502737055,0.132665704507921,0.143310661701388,0.140983577741611,"1NSB","nsb_verdal","B","trondelag",10,0.110463648,28.2697902,2.827400105,6.979690234,0.0459606006296352
"31",7,0.134076502737011,0.132665704501583,0.143310661701364,0.140983577741127,"1NSB","nsb_verdal","B","trondelag",10,0.110463648,28.2697902,2.827400105,6.979690234,0.0459606006296352
"32",8,0.134076502737025,0.132665704504009,0.143310661701371,0.140983577741311,"1NSB","nsb_verdal","B","trondelag",10,0.110463648,28.2697902,2.827400105,6.979690234,0.0459606006296352
"33",9,0.134076502737069,0.132665704509619,0.143310661701396,0.140983577741743,"1NSB","nsb_verdal","B","trondelag",10,0.110463648,28.2697902,2.827400105,6.979690234,0.0459606006296352
"34",10,0.134081377435588,0.132698599805356,0.143314945288089,0.140990029350361,"1NSB","nsb_verdal","B","trondelag",10,0.110463648,28.2697902,2.827400105,6.979690234,0.0459606006296352
"35",11,0.178852113737546,0.186597543886964,0.195772734662088,0.192255387221193,"1NSB","nsb_verdal","B","trondelag",10,0.110463648,28.2697902,2.827400105,6.979690234,0.0459606006296352
"36",12,0.141370731858096,0.14514934583936,0.150154406601004,0.148311011288106,"1NSB","nsb_verdal","B","trondelag",10,0.110463648,28.2697902,2.827400105,6.979690234,0.0459606006296352
"37",1,0.25515127753402,0.26601590049795,0.273736127134731,0.271873168943465,"1SB","sub_namdalseid","B","trondelag",12,0.077437345,75.88802955,8.758466457,7.375877596,0.0896972995139658
"38",2,0.382400159274617,0.400657344139206,0.444250485730106,0.437770874787546,"1SB","sub_namdalseid","B","trondelag",12,0.077437345,75.88802955,8.758466457,7.375877596,0.0896972995139658
"39",3,0.33311519203438,0.347436521150067,0.379849917820788,0.374962077955333,"1SB","sub_namdalseid","B","trondelag",12,0.077437345,75.88802955,8.758466457,7.375877596,0.0896972995139658
"40",4,0.15457840784514,0.150197687169364,0.161358961056805,0.16054888928872,"1SB","sub_namdalseid","B","trondelag",12,0.077437345,75.88802955,8.758466457,7.375877596,0.0896972995139658
"41",5,0.149189014082737,0.143665598877939,0.158003380633719,0.156953005929631,"1SB","sub_namdalseid","B","trondelag",12,0.077437345,75.88802955,8.758466457,7.375877596,0.0896972995139658
"42",6,0.149189012396585,0.143665556670536,0.158003379423703,0.156953004034392,"1SB","sub_namdalseid","B","trondelag",12,0.077437345,75.88802955,8.758466457,7.375877596,0.0896972995139658
"43",7,0.149189012390169,0.143665556265369,0.158003379419711,0.156953004023905,"1SB","sub_namdalseid","B","trondelag",12,0.077437345,75.88802955,8.758466457,7.375877596,0.0896972995139658
"44",8,0.149189012390325,0.143665556283038,0.158003379419799,0.156953004024274,"1SB","sub_namdalseid","B","trondelag",12,0.077437345,75.88802955,8.758466457,7.375877596,0.0896972995139658
"45",9,0.149189012390401,0.143665556290252,0.158003379419843,0.156953004024433,"1SB","sub_namdalseid","B","trondelag",12,0.077437345,75.88802955,8.758466457,7.375877596,0.0896972995139658
"46",10,0.149191381954162,0.143683573514998,0.158005423691526,0.15695532836964,"1SB","sub_namdalseid","B","trondelag",12,0.077437345,75.88802955,8.758466457,7.375877596,0.0896972995139658
"47",11,0.198577111964441,0.201719413961313,0.214986693793438,0.213240994249592,"1SB","sub_namdalseid","B","trondelag",12,0.077437345,75.88802955,8.758466457,7.375877596,0.0896972995139658
"48",12,0.172545549231954,0.172641286935498,0.17594447166976,0.175574210429743,"1SB","sub_namdalseid","B","trondelag",12,0.077437345,75.88802955,8.758466457,7.375877596,0.0896972995139658
"49",1,0.251706195445732,0.259039123084371,0.269549513621865,0.266687827979157,"1VBB","verdal_1vb","B","trondelag",11,0.011938921,28.2697902,2.827400105,6.979690234,0.0770951960675418
"50",2,0.371741876506883,0.38764501761523,0.419027345018846,0.410574995680849,"1VBB","verdal_1vb","B","trondelag",11,0.011938921,28.2697902,2.827400105,6.979690234,0.0770951960675418
"51",3,0.321879843485902,0.335613667691685,0.357885981858895,0.351849625473536,"1VBB","verdal_1vb","B","trondelag",11,0.011938921,28.2697902,2.827400105,6.979690234,0.0770951960675418
"52",4,0.152268997967756,0.1472945165365,0.160935889357989,0.157444676180542,"1VBB","verdal_1vb","B","trondelag",11,0.011938921,28.2697902,2.827400105,6.979690234,0.0770951960675418
"53",5,0.151462529287263,0.145256493804027,0.160213742867127,0.15639732442729,"1VBB","verdal_1vb","B","trondelag",11,0.011938921,28.2697902,2.827400105,6.979690234,0.0770951960675418
"54",6,0.151462528536434,0.145256472203268,0.160213742339597,0.156397318709067,"1VBB","verdal_1vb","B","trondelag",11,0.011938921,28.2697902,2.827400105,6.979690234,0.0770951960675418
"55",7,0.151462528536197,0.145256472177584,0.160213742339461,0.156397318702641,"1VBB","verdal_1vb","B","trondelag",11,0.011938921,28.2697902,2.827400105,6.979690234,0.0770951960675418
"56",8,0.151462528536314,0.145256472191822,0.160213742339527,0.156397318706196,"1VBB","verdal_1vb","B","trondelag",11,0.011938921,28.2697902,2.827400105,6.979690234,0.0770951960675418
"57",9,0.151462528536407,0.145256472200842,0.160213742339581,0.156397318708458,"1VBB","verdal_1vb","B","trondelag",11,0.011938921,28.2697902,2.827400105,6.979690234,0.0770951960675418
"58",10,0.151499534877661,0.145434872673958,0.160247989675203,0.15646709233955,"1VBB","verdal_1vb","B","trondelag",11,0.011938921,28.2697902,2.827400105,6.979690234,0.0770951960675418
"59",11,0.222160635225839,0.224378429131179,0.243024916740447,0.238114023151787,"1VBB","verdal_1vb","B","trondelag",11,0.011938921,28.2697902,2.827400105,6.979690234,0.0770951960675418
"60",12,0.182537342237972,0.184193625600022,0.18779577647175,0.186828194192036,"1VBB","verdal_1vb","B","trondelag",11,0.011938921,28.2697902,2.827400105,6.979690234,0.0770951960675418
"61",1,0.229316583150973,0.250691056688385,0.254216763980575,0.252240559152829,"2BBB","steinkjer_2bbb","B","trondelag",12,0.087040751,107.5650526,2.431337072,17.86445891,0.103782001132239
"62",2,0.342258277400356,0.37670424722304,0.419950247058881,0.413784217720903,"2BBB","steinkjer_2bbb","B","trondelag",12,0.087040751,107.5650526,2.431337072,17.86445891,0.103782001132239
"63",3,0.295663824095707,0.327787886651714,0.358816558183147,0.353804436430175,"2BBB","steinkjer_2bbb","B","trondelag",12,0.087040751,107.5650526,2.431337072,17.86445891,0.103782001132239
"64",4,0.133814023417783,0.134936419507809,0.141684158427657,0.141059544537984,"2BBB","steinkjer_2bbb","B","trondelag",12,0.087040751,107.5650526,2.431337072,17.86445891,0.103782001132239
"65",5,0.129213296660574,0.128942910851233,0.138582544469766,0.137838953373799,"2BBB","steinkjer_2bbb","B","trondelag",12,0.087040751,107.5650526,2.431337072,17.86445891,0.103782001132239
"66",6,0.129213295869326,0.128942888316331,0.138582543913023,0.137838952798444,"2BBB","steinkjer_2bbb","B","trondelag",12,0.087040751,107.5650526,2.431337072,17.86445891,0.103782001132239
"67",7,0.129213295868505,0.128942888243647,0.138582543912538,0.137838952797933,"2BBB","steinkjer_2bbb","B","trondelag",12,0.087040751,107.5650526,2.431337072,17.86445891,0.103782001132239
"68",8,0.129213295868625,0.128942888258101,0.138582543912606,0.137838952798004,"2BBB","steinkjer_2bbb","B","trondelag",12,0.087040751,107.5650526,2.431337072,17.86445891,0.103782001132239
"69",9,0.129213295868842,0.128942888278158,0.138582543912733,0.137838952798139,"2BBB","steinkjer_2bbb","B","trondelag",12,0.087040751,107.5650526,2.431337072,17.86445891,0.103782001132239
"70",10,0.129226576276931,0.129018796631292,0.138594516277261,0.137851028975647,"2BBB","steinkjer_2bbb","B","trondelag",12,0.087040751,107.5650526,2.431337072,17.86445891,0.103782001132239
"71",11,0.194910370603717,0.203625421408498,0.21722727673964,0.215456093712979,"2BBB","steinkjer_2bbb","B","trondelag",12,0.087040751,107.5650526,2.431337072,17.86445891,0.103782001132239
"72",12,0.199510572907905,0.221505096359289,0.215039119246635,0.213806694934037,"2BBB","steinkjer_2bbb","B","trondelag",12,0.087040751,107.5650526,2.431337072,17.86445891,0.103782001132239
"73",1,0.213707743692841,0.231604648239854,0.238099727945227,0.236255876256701,"2VBB","verdal_2vb","B","trondelag",13,0.241115185,28.2697902,2.827400105,6.979690234,0.387699912460148
"74",2,0.308476469115856,0.340942236005846,0.359455103380091,0.355530614786377,"2VBB","verdal_2vb","B","trondelag",13,0.241115185,28.2697902,2.827400105,6.979690234,0.387699912460148
"75",3,0.246440597218933,0.275129986443491,0.276341110810554,0.274177756375265,"2VBB","verdal_2vb","B","trondelag",13,0.241115185,28.2697902,2.827400105,6.979690234,0.387699912460148
"76",4,0.124780870487145,0.126575106070955,0.134248765763776,0.13345910352345,"2VBB","verdal_2vb","B","trondelag",13,0.241115185,28.2697902,2.827400105,6.979690234,0.387699912460148
"77",5,0.124223349455955,0.125011201475695,0.133731206979518,0.132923657317485,"2VBB","verdal_2vb","B","trondelag",13,0.241115185,28.2697902,2.827400105,6.979690234,0.387699912460148
"78",6,0.124223348938481,0.125011185648721,0.133731206619366,0.13292365672403,"2VBB","verdal_2vb","B","trondelag",13,0.241115185,28.2697902,2.827400105,6.979690234,0.387699912460148
"79",7,0.124223348938248,0.12501118562335,0.133731206619233,0.132923656723527,"2VBB","verdal_2vb","B","trondelag",13,0.241115185,28.2697902,2.827400105,6.979690234,0.387699912460148
"80",8,0.124223348938338,0.125011185634804,0.133731206619283,0.132923656723745,"2VBB","verdal_2vb","B","trondelag",13,0.241115185,28.2697902,2.827400105,6.979690234,0.387699912460148
"81",9,0.124223348938418,0.125011185642822,0.133731206619329,0.132923656723907,"2VBB","verdal_2vb","B","trondelag",13,0.241115185,28.2697902,2.827400105,6.979690234,0.387699912460148
"82",10,0.124244937455767,0.125125020914326,0.133750911933225,0.132944848343663,"2VBB","verdal_2vb","B","trondelag",13,0.241115185,28.2697902,2.827400105,6.979690234,0.387699912460148
"83",11,0.187590479621085,0.197350952602458,0.210263601371687,0.208450994804382,"2VBB","verdal_2vb","B","trondelag",13,0.241115185,28.2697902,2.827400105,6.979690234,0.387699912460148
"84",12,0.14272485610477,0.152044132425306,0.151752099507603,0.151108403085165,"2VBB","verdal_2vb","B","trondelag",13,0.241115185,28.2697902,2.827400105,6.979690234,0.387699912460148
"85",1,0.243490003496356,0.255849330359701,0.263540991531625,0.26307921725875,"BRB","bratsberg","B","trondelag",14,0.19644858,79.89208961,1.335197374,31.0221955,0.0963689964652061
"86",2,0.367028045900373,0.389678055506285,0.432416071858061,0.430739607430359,"BRB","bratsberg","B","trondelag",14,0.19644858,79.89208961,1.335197374,31.0221955,0.0963689964652061
"87",3,0.313001447511893,0.330935017727685,0.363872910975152,0.362571647012119,"BRB","bratsberg","B","trondelag",14,0.19644858,79.89208961,1.335197374,31.0221955,0.0963689964652061
"88",4,0.144497160369635,0.141171003189965,0.152969057336192,0.152691358320932,"BRB","bratsberg","B","trondelag",14,0.19644858,79.89208961,1.335197374,31.0221955,0.0963689964652061
"89",5,0.143184364040413,0.139388177559083,0.15216552679304,0.151868525104738,"BRB","bratsberg","B","trondelag",14,0.19644858,79.89208961,1.335197374,31.0221955,0.0963689964652061
"90",6,0.143184363819521,0.139388169794318,0.152165526642582,0.151868524879351,"BRB","bratsberg","B","trondelag",14,0.19644858,79.89208961,1.335197374,31.0221955,0.0963689964652061
"91",7,0.143184363819243,0.139388169764937,0.152165526642422,0.151868524878907,"BRB","bratsberg","B","trondelag",14,0.19644858,79.89208961,1.335197374,31.0221955,0.0963689964652061
"92",8,0.143184363819293,0.139388169771879,0.15216552664245,0.151868524879002,"BRB","bratsberg","B","trondelag",14,0.19644858,79.89208961,1.335197374,31.0221955,0.0963689964652061
"93",9,0.143184363819352,0.139388169778315,0.152165526642484,0.151868524879098,"BRB","bratsberg","B","trondelag",14,0.19644858,79.89208961,1.335197374,31.0221955,0.0963689964652061
"94",10,0.143198158050815,0.139466520209182,0.152177974284295,0.151881635283888,"BRB","bratsberg","B","trondelag",14,0.19644858,79.89208961,1.335197374,31.0221955,0.0963689964652061
"95",11,0.209107380363647,0.213949337725167,0.230748849990061,0.230168343212112,"BRB","bratsberg","B","trondelag",14,0.19644858,79.89208961,1.335197374,31.0221955,0.0963689964652061
"96",12,0.159772516985373,0.161917918487633,0.16580711161007,0.165652924340777,"BRB","bratsberg","B","trondelag",14,0.19644858,79.89208961,1.335197374,31.0221955,0.0963689964652061
"97",1,0.19863124329849,0.227831740603858,0.230528559264594,0.223526709418376,"FLB","selbu_flub","B","trondelag",12,0.271341572,56.44604547,5.437898015,4.380325628,2.03857495581508
"98",2,0.288312903476273,0.333985924784622,0.377191600691544,0.357681642766241,"FLB","selbu_flub","B","trondelag",12,0.271341572,56.44604547,5.437898015,4.380325628,2.03857495581508
"99",3,0.24857559173458,0.294613318865126,0.329939489740065,0.312079121885203,"FLB","selbu_flub","B","trondelag",12,0.271341572,56.44604547,5.437898015,4.380325628,2.03857495581508
"100",4,0.108966533308434,0.113450176255354,0.118675307291088,0.116544113002213,"FLB","selbu_flub","B","trondelag",12,0.271341572,56.44604547,5.437898015,4.380325628,2.03857495581508
"101",5,0.107466815532775,0.110732658274366,0.117440132376216,0.115250867703265,"FLB","selbu_flub","B","trondelag",12,0.271341572,56.44604547,5.437898015,4.380325628,2.03857495581508
"102",6,0.107466815184079,0.110732646887833,0.117440132135964,0.115250867439209,"FLB","selbu_flub","B","trondelag",12,0.271341572,56.44604547,5.437898015,4.380325628,2.03857495581508
"103",7,0.107466815183959,0.11073264687336,0.117440132135897,0.11525086743913,"FLB","selbu_flub","B","trondelag",12,0.271341572,56.44604547,5.437898015,4.380325628,2.03857495581508
"104",8,0.107466815184047,0.110732646884478,0.117440132135946,0.115250867439187,"FLB","selbu_flub","B","trondelag",12,0.271341572,56.44604547,5.437898015,4.380325628,2.03857495581508
"105",9,0.107466815184096,0.11073264688956,0.117440132135974,0.11525086743922,"FLB","selbu_flub","B","trondelag",12,0.271341572,56.44604547,5.437898015,4.380325628,2.03857495581508
"106",10,0.107560868314104,0.111109870870479,0.117528110149273,0.115340179014724,"FLB","selbu_flub","B","trondelag",12,0.271341572,56.44604547,5.437898015,4.380325628,2.03857495581508
"107",11,0.183168467244702,0.19913374102774,0.209197026019364,0.203483439946877,"FLB","selbu_flub","B","trondelag",12,0.271341572,56.44604547,5.437898015,4.380325628,2.03857495581508
"108",12,0.154773084742032,0.173321275842298,0.172081642110475,0.168282202688134,"FLB","selbu_flub","B","trondelag",12,0.271341572,56.44604547,5.437898015,4.380325628,2.03857495581508
"109",1,0.325649337611926,0.347724361510984,0.354378787357595,0.350589937735343,"HIB","hi_tydal","B","trondelag",11,0.214070788,16.47588281,0.419443553,0,0.157155609190464
"110",2,0.389855030366238,0.415625218037857,0.455339779815949,0.446352961147014,"HIB","hi_tydal","B","trondelag",11,0.214070788,16.47588281,0.419443553,0,0.157155609190464
"111",3,0.396952660375625,0.421546148265513,0.457397981901545,0.449114271510555,"HIB","hi_tydal","B","trondelag",11,0.214070788,16.47588281,0.419443553,0,0.157155609190464
"112",4,0.17020491463123,0.174634776642998,0.17385464103879,0.173396535295021,"HIB","hi_tydal","B","trondelag",11,0.214070788,16.47588281,0.419443553,0,0.157155609190464
"113",5,0.141059551855375,0.137846588042964,0.150099736579473,0.148762382135853,"HIB","hi_tydal","B","trondelag",11,0.214070788,16.47588281,0.419443553,0,0.157155609190464
"114",6,0.141059549206343,0.137846526125761,0.15009973465758,0.148762379263395,"HIB","hi_tydal","B","trondelag",11,0.214070788,16.47588281,0.419443553,0,0.157155609190464
"115",7,0.14105954920615,0.137846526104433,0.15009973465747,0.148762379262972,"HIB","hi_tydal","B","trondelag",11,0.214070788,16.47588281,0.419443553,0,0.157155609190464
"116",8,0.141059549206648,0.13784652615205,0.150099734657761,0.148762379263965,"HIB","hi_tydal","B","trondelag",11,0.214070788,16.47588281,0.419443553,0,0.157155609190464
"117",9,0.141059549206702,0.137846526156354,0.150099734657793,0.148762379264061,"HIB","hi_tydal","B","trondelag",11,0.214070788,16.47588281,0.419443553,0,0.157155609190464
"118",10,0.142512969657656,0.141566507470222,0.151582584503928,0.150273404351783,"HIB","hi_tydal","B","trondelag",11,0.214070788,16.47588281,0.419443553,0,0.157155609190464
"119",11,0.233017000896232,0.24327085248496,0.253453814764965,0.250680753520699,"HIB","hi_tydal","B","trondelag",11,0.214070788,16.47588281,0.419443553,0,0.157155609190464
"120",12,0.396681948275826,0.421306133460399,0.459304575565197,0.450710260026496,"HIB","hi_tydal","B","trondelag",11,0.214070788,16.47588281,0.419443553,0,0.157155609190464
"121",1,0.269168718742938,0.296022620081564,0.29402792900579,0.29341310220762,"KLB","selbu_kl","B","trondelag",13,0.116040591,56.44604547,5.437898015,4.380325628,0.0593039983292576
"122",2,0.365401738231292,0.394455219195453,0.43746010090189,0.412023716995489,"KLB","selbu_kl","B","trondelag",13,0.116040591,56.44604547,5.437898015,4.380325628,0.0593039983292576
"123",3,0.352177931681654,0.379620919576664,0.411234965186971,0.392148768213454,"KLB","selbu_kl","B","trondelag",13,0.116040591,56.44604547,5.437898015,4.380325628,0.0593039983292576
"124",4,0.145360240461356,0.145142144846835,0.151628635519463,0.148084772477521,"KLB","selbu_kl","B","trondelag",13,0.116040591,56.44604547,5.437898015,4.380325628,0.0593039983292576
"125",5,0.136649859168496,0.134596293700798,0.145812535752064,0.139791278368859,"KLB","selbu_kl","B","trondelag",13,0.116040591,56.44604547,5.437898015,4.380325628,0.0593039983292576
"126",6,0.136649858196411,0.134596266897617,0.145812535064579,0.139791265001108,"KLB","selbu_kl","B","trondelag",13,0.116040591,56.44604547,5.437898015,4.380325628,0.0593039983292576
"127",7,0.136649858196187,0.134596266873235,0.145812535064451,0.139791264989214,"KLB","selbu_kl","B","trondelag",13,0.116040591,56.44604547,5.437898015,4.380325628,0.0593039983292576
"128",8,0.136649858196404,0.134596266897053,0.145812535064575,0.139791265000832,"KLB","selbu_kl","B","trondelag",13,0.116040591,56.44604547,5.437898015,4.380325628,0.0593039983292576
"129",9,0.136649858196459,0.134596266902023,0.145812535064608,0.13979126500326,"KLB","selbu_kl","B","trondelag",13,0.116040591,56.44604547,5.437898015,4.380325628,0.0593039983292576
"130",10,0.136909234980192,0.135478836960083,0.146060768536425,0.140347764727651,"KLB","selbu_kl","B","trondelag",13,0.116040591,56.44604547,5.437898015,4.380325628,0.0593039983292576
"131",11,0.220020347048489,0.229775714779871,0.242091917228608,0.234715870666244,"KLB","selbu_kl","B","trondelag",13,0.116040591,56.44604547,5.437898015,4.380325628,0.0593039983292576
"132",12,0.323089574767494,0.346964248527572,0.373482028208179,0.357418130416811,"KLB","selbu_kl","B","trondelag",13,0.116040591,56.44604547,5.437898015,4.380325628,0.0593039983292576
"133",1,0.278072968201881,0.300449937758907,0.299833267855218,0.294872935799905,"LAB","singsaas","B","trondelag",11,0.042265252,36.25939668,6.648445301,2.712137721,0.0756125985860824
"134",2,0.381694598171795,0.404559107969538,0.448096601342809,0.408078182461901,"LAB","singsaas","B","trondelag",11,0.042265252,36.25939668,6.648445301,2.712137721,0.0756125985860824
"135",3,0.382689451263885,0.402360546169079,0.440699467079708,0.40557222829525,"LAB","singsaas","B","trondelag",11,0.042265252,36.25939668,6.648445301,2.712137721,0.0756125985860824
"136",4,0.150881272367619,0.148088315156102,0.157392010739472,0.150709980338044,"LAB","singsaas","B","trondelag",11,0.042265252,36.25939668,6.648445301,2.712137721,0.0756125985860824
"137",5,0.144231360546569,0.140142267373531,0.153183439929048,0.143859508679422,"LAB","singsaas","B","trondelag",11,0.042265252,36.25939668,6.648445301,2.712137721,0.0756125985860824
"138",6,0.144231359812497,0.140142246164576,0.15318343941361,0.143859496774303,"LAB","singsaas","B","trondelag",11,0.042265252,36.25939668,6.648445301,2.712137721,0.0756125985860824
"139",7,0.144231359812419,0.140142246154461,0.153183439413566,0.143859496768734,"LAB","singsaas","B","trondelag",11,0.042265252,36.25939668,6.648445301,2.712137721,0.0756125985860824
"140",8,0.144231359812651,0.140142246179675,0.153183439413699,0.143859496782631,"LAB","singsaas","B","trondelag",11,0.042265252,36.25939668,6.648445301,2.712137721,0.0756125985860824
"141",9,0.144231359812714,0.140142246185362,0.153183439413736,0.143859496785769,"LAB","singsaas","B","trondelag",11,0.042265252,36.25939668,6.648445301,2.712137721,0.0756125985860824
"142",10,0.145550661943398,0.143580021433873,0.154525678164897,0.146344140527884,"LAB","singsaas","B","trondelag",11,0.042265252,36.25939668,6.648445301,2.712137721,0.0756125985860824
"143",11,0.235410822814341,0.243925013241061,0.255335582732922,0.24423332920503,"LAB","singsaas","B","trondelag",11,0.042265252,36.25939668,6.648445301,2.712137721,0.0756125985860824
"144",12,0.393844347925957,0.415298314671143,0.456846330015911,0.41874563031818,"LAB","singsaas","B","trondelag",11,0.042265252,36.25939668,6.648445301,2.712137721,0.0756125985860824
"145",1,0.232048879244624,0.241744950844689,0.252512927727451,0.249804450722371,"MAB","malvik","B","trondelag",14,0.160287892,91.59537109,0.841762109,20.5676583,0.126020999944769
"146",2,0.345410261660465,0.367457940849372,0.390741212151458,0.38474152752765,"MAB","malvik","B","trondelag",14,0.160287892,91.59537109,0.841762109,20.5676583,0.126020999944769
"147",3,0.311087101096392,0.332705930244899,0.363935532684703,0.356940887327427,"MAB","malvik","B","trondelag",14,0.160287892,91.59537109,0.841762109,20.5676583,0.126020999944769
"148",4,0.143572338001063,0.141146148246364,0.151897098762747,0.150795292191348,"MAB","malvik","B","trondelag",14,0.160287892,91.59537109,0.841762109,20.5676583,0.126020999944769
"149",5,0.141536080585621,0.138193623489939,0.15056302892832,0.149368285765316,"MAB","malvik","B","trondelag",14,0.160287892,91.59537109,0.841762109,20.5676583,0.126020999944769
"150",6,0.141536080134452,0.138193609386683,0.150563028615386,0.149368285434086,"MAB","malvik","B","trondelag",14,0.160287892,91.59537109,0.841762109,20.5676583,0.126020999944769
"151",7,0.141536080134054,0.138193609347027,0.150563028615155,0.149368285433833,"MAB","malvik","B","trondelag",14,0.160287892,91.59537109,0.841762109,20.5676583,0.126020999944769
"152",8,0.141536080134156,0.138193609359651,0.150563028615213,0.149368285433896,"MAB","malvik","B","trondelag",14,0.160287892,91.59537109,0.841762109,20.5676583,0.126020999944769
"153",9,0.141536080134215,0.13819360936554,0.150563028615247,0.149368285433934,"MAB","malvik","B","trondelag",14,0.160287892,91.59537109,0.841762109,20.5676583,0.126020999944769
"154",10,0.141563189826525,0.138331247764377,0.150587918039432,0.149393468717135,"MAB","malvik","B","trondelag",14,0.160287892,91.59537109,0.841762109,20.5676583,0.126020999944769
"155",11,0.216541349555484,0.222403034054315,0.23800763639488,0.235166510195548,"MAB","malvik","B","trondelag",14,0.160287892,91.59537109,0.841762109,20.5676583,0.126020999944769
"156",12,0.169806592554721,0.174942343326526,0.175713038424295,0.174931302941557,"MAB","malvik","B","trondelag",14,0.160287892,91.59537109,0.841762109,20.5676583,0.126020999944769
"157",1,0.359589773696682,0.382694617559524,0.417545185977936,0.405253226100834,"SEB","sl_tydal","B","trondelag",11,0.132712131,16.47588281,0.419443553,0,0.102299394675717
"158",2,0.405873552050505,0.430414635788423,0.467569065876555,0.454480018419957,"SEB","sl_tydal","B","trondelag",11,0.132712131,16.47588281,0.419443553,0,0.102299394675717
"159",3,0.418159763243843,0.443659062135591,0.479319586258886,0.466426179657698,"SEB","sl_tydal","B","trondelag",11,0.132712131,16.47588281,0.419443553,0,0.102299394675717
"160",4,0.28372839820032,0.299767069662116,0.309067224046766,0.304108612845944,"SEB","sl_tydal","B","trondelag",11,0.132712131,16.47588281,0.419443553,0,0.102299394675717
"161",5,0.143241129784438,0.13942928835971,0.152220714083372,0.149798784951897,"SEB","sl_tydal","B","trondelag",11,0.132712131,16.47588281,0.419443553,0,0.102299394675717
"162",6,0.143241122343974,0.139429141727414,0.152220708541299,0.149798769210782,"SEB","sl_tydal","B","trondelag",11,0.132712131,16.47588281,0.419443553,0,0.102299394675717
"163",7,0.143241122343554,0.139429141686597,0.152220708541055,0.149798769207668,"SEB","sl_tydal","B","trondelag",11,0.132712131,16.47588281,0.419443553,0,0.102299394675717
"164",8,0.143241122344801,0.139429141789042,0.1522207085418,0.149798769215617,"SEB","sl_tydal","B","trondelag",11,0.132712131,16.47588281,0.419443553,0,0.102299394675717
"165",9,0.14324112234461,0.139429141775638,0.152220708541683,0.149798769214558,"SEB","sl_tydal","B","trondelag",11,0.132712131,16.47588281,0.419443553,0,0.102299394675717
"166",10,0.146725669460099,0.146962623511755,0.15587361080619,0.153694691666744,"SEB","sl_tydal","B","trondelag",11,0.132712131,16.47588281,0.419443553,0,0.102299394675717
"167",11,0.236444165588222,0.246047032382019,0.256385814832165,0.252272019689184,"SEB","sl_tydal","B","trondelag",11,0.132712131,16.47588281,0.419443553,0,0.102299394675717
"168",12,0.407930467054451,0.431723479774965,0.468962372532281,0.455980226108038,"SEB","sl_tydal","B","trondelag",11,0.132712131,16.47588281,0.419443553,0,0.102299394675717
"169",1,0.270796048249942,0.299874056888223,0.297160658242269,0.292766556576881,"SLB","selbu_sl","B","trondelag",14,0.124288986,56.44604547,5.437898015,4.380325628,0.240181195183843
"170",2,0.360693223316076,0.392786274943247,0.434896231508122,0.422529063476114,"SLB","selbu_sl","B","trondelag",14,0.124288986,56.44604547,5.437898015,4.380325628,0.240181195183843
"171",3,0.362775109237875,0.393497529401278,0.428656371151201,0.417676160832314,"SLB","selbu_sl","B","trondelag",14,0.124288986,56.44604547,5.437898015,4.380325628,0.240181195183843
"172",4,0.149767881629097,0.15345491011821,0.155187208582526,0.154283987423621,"SLB","selbu_sl","B","trondelag",14,0.124288986,56.44604547,5.437898015,4.380325628,0.240181195183843
"173",5,0.133107213720966,0.131931740704834,0.142368296757943,0.140824782918447,"SLB","selbu_sl","B","trondelag",14,0.124288986,56.44604547,5.437898015,4.380325628,0.240181195183843
"174",6,0.133107211209292,0.131931681494852,0.142368294938142,0.140824780983334,"SLB","selbu_sl","B","trondelag",14,0.124288986,56.44604547,5.437898015,4.380325628,0.240181195183843
"175",7,0.133107211208884,0.131931681454641,0.142368294937905,0.140824780983068,"SLB","selbu_sl","B","trondelag",14,0.124288986,56.44604547,5.437898015,4.380325628,0.240181195183843
"176",8,0.13310721120937,0.13193168150123,0.142368294938189,0.140824780983385,"SLB","selbu_sl","B","trondelag",14,0.124288986,56.44604547,5.437898015,4.380325628,0.240181195183843
"177",9,0.133107211209413,0.131931681504749,0.142368294938215,0.140824780983415,"SLB","selbu_sl","B","trondelag",14,0.124288986,56.44604547,5.437898015,4.380325628,0.240181195183843
"178",10,0.13368558159176,0.133666159247112,0.142939293974491,0.141397008577369,"SLB","selbu_sl","B","trondelag",14,0.124288986,56.44604547,5.437898015,4.380325628,0.240181195183843
"179",11,0.224517968677207,0.238556072949773,0.246711376299995,0.243012475029531,"SLB","selbu_sl","B","trondelag",14,0.124288986,56.44604547,5.437898015,4.380325628,0.240181195183843
"180",12,0.356738998722199,0.386202892292381,0.426515905658089,0.414886421168774,"SLB","selbu_sl","B","trondelag",14,0.124288986,56.44604547,5.437898015,4.380325628,0.240181195183843
"181",1,0.240819603531697,0.258372721125122,0.263125115258186,0.261586804104636,"1BBUB","steinkjer_1bbb","UB","trondelag",11,0.115979123,107.5650526,2.431337072,17.86445891,0.125279703965597
"182",2,0.360605390034094,0.388877770117723,0.43206767812021,0.427139244459098,"1BBUB","steinkjer_1bbb","UB","trondelag",11,0.115979123,107.5650526,2.431337072,17.86445891,0.125279703965597
"183",3,0.314311969273551,0.339909384487765,0.371066743768355,0.367152621389403,"1BBUB","steinkjer_1bbb","UB","trondelag",11,0.115979123,107.5650526,2.431337072,17.86445891,0.125279703965597
"184",4,0.142009804329092,0.140819398923461,0.149503866149385,0.148987034299709,"1BBUB","steinkjer_1bbb","UB","trondelag",11,0.115979123,107.5650526,2.431337072,17.86445891,0.125279703965597
"185",5,0.137477183736055,0.135211524673403,0.14661687915593,0.145986555333869,"1BBUB","steinkjer_1bbb","UB","trondelag",11,0.115979123,107.5650526,2.431337072,17.86445891,0.125279703965597
"186",6,0.137477183061386,0.135211504943185,0.146616878683145,0.145986554847162,"1BBUB","steinkjer_1bbb","UB","trondelag",11,0.115979123,107.5650526,2.431337072,17.86445891,0.125279703965597
"187",7,0.137477183060737,0.135211504883481,0.146616878682764,0.145986554846762,"1BBUB","steinkjer_1bbb","UB","trondelag",11,0.115979123,107.5650526,2.431337072,17.86445891,0.125279703965597
"188",8,0.137477183060845,0.135211504896724,0.146616878682825,0.145986554846826,"1BBUB","steinkjer_1bbb","UB","trondelag",11,0.115979123,107.5650526,2.431337072,17.86445891,0.125279703965597
"189",9,0.13747718306108,0.135211504918494,0.146616878682962,0.145986554846971,"1BBUB","steinkjer_1bbb","UB","trondelag",11,0.115979123,107.5650526,2.431337072,17.86445891,0.125279703965597
"190",10,0.137491620183547,0.135292889619642,0.146629921624027,0.145999693938477,"1BBUB","steinkjer_1bbb","UB","trondelag",11,0.115979123,107.5650526,2.431337072,17.86445891,0.125279703965597
"191",11,0.204289597204934,0.210836630755383,0.226258528662128,0.224743429940942,"1BBUB","steinkjer_1bbb","UB","trondelag",11,0.115979123,107.5650526,2.431337072,17.86445891,0.125279703965597
"192",12,0.215514708917089,0.233814445295685,0.229165463004005,0.228224031687666,"1BBUB","steinkjer_1bbb","UB","trondelag",11,0.115979123,107.5650526,2.431337072,17.86445891,0.125279703965597
"193",1,0.21390844102543,0.236910135211751,0.240766113573458,0.237144854353499,"1KUB","namdalseid_1kub","UB","trondelag",10,0.222676728,75.88802955,8.758466457,7.375877596,0.127503605020512
"194",2,0.29927308683558,0.333046636304926,0.351428074510609,0.344395941340942,"1KUB","namdalseid_1kub","UB","trondelag",10,0.222676728,75.88802955,8.758466457,7.375877596,0.127503605020512
"195",3,0.168610147610023,0.193467919454639,0.18311034907738,0.181155265733467,"1KUB","namdalseid_1kub","UB","trondelag",10,0.222676728,75.88802955,8.758466457,7.375877596,0.127503605020512
"196",4,0.120605177501803,0.122447152946528,0.130139836801424,0.128854264761026,"1KUB","namdalseid_1kub","UB","trondelag",10,0.222676728,75.88802955,8.758466457,7.375877596,0.127503605020512
"197",5,0.12030421859525,0.121833602217726,0.129920940969496,0.128624304244879,"1KUB","namdalseid_1kub","UB","trondelag",10,0.222676728,75.88802955,8.758466457,7.375877596,0.127503605020512
"198",6,0.120304218467838,0.121833597336395,0.129920940883877,0.128624304153625,"1KUB","namdalseid_1kub","UB","trondelag",10,0.222676728,75.88802955,8.758466457,7.375877596,0.127503605020512
"199",7,0.120304218467229,0.121833597279622,0.12992094088352,0.128624304153233,"1KUB","namdalseid_1kub","UB","trondelag",10,0.222676728,75.88802955,8.758466457,7.375877596,0.127503605020512
"200",8,0.120304218467248,0.12183359728273,0.12992094088353,0.128624304153245,"1KUB","namdalseid_1kub","UB","trondelag",10,0.222676728,75.88802955,8.758466457,7.375877596,0.127503605020512
"201",9,0.120304218467307,0.121833597289783,0.129920940883563,0.128624304153282,"1KUB","namdalseid_1kub","UB","trondelag",10,0.222676728,75.88802955,8.758466457,7.375877596,0.127503605020512
"202",10,0.12030506856666,0.121841255098348,0.129921655362661,0.128625036918256,"1KUB","namdalseid_1kub","UB","trondelag",10,0.222676728,75.88802955,8.758466457,7.375877596,0.127503605020512
"203",11,0.146894355808737,0.15812315619765,0.159426622152877,0.157736878376139,"1KUB","namdalseid_1kub","UB","trondelag",10,0.222676728,75.88802955,8.758466457,7.375877596,0.127503605020512
"204",12,0.125834231024574,0.131514993519612,0.134860675079848,0.133643626443182,"1KUB","namdalseid_1kub","UB","trondelag",10,0.222676728,75.88802955,8.758466457,7.375877596,0.127503605020512
"205",1,0.249913564470916,0.257618618763859,0.268027664868248,0.266820058175092,"1NSUB","nsb_verdal","UB","trondelag",10,0.110463648,28.2697902,2.827400105,6.979690234,0.0889559980116785
"206",2,0.345228423076962,0.359715175265073,0.370610476084636,0.368918339217457,"1NSUB","nsb_verdal","UB","trondelag",10,0.110463648,28.2697902,2.827400105,6.979690234,0.0889559980116785
"207",3,0.223836174461893,0.234823108772355,0.226099671215113,0.225948771431565,"1NSUB","nsb_verdal","UB","trondelag",10,0.110463648,28.2697902,2.827400105,6.979690234,0.0889559980116785
"208",4,0.15056302388938,0.144903950272218,0.159301901102441,0.158719309288237,"1NSUB","nsb_verdal","UB","trondelag",10,0.110463648,28.2697902,2.827400105,6.979690234,0.0889559980116785
"209",5,0.150413584832455,0.144524333271278,0.159193935945355,0.158608579204495,"1NSUB","nsb_verdal","UB","trondelag",10,0.110463648,28.2697902,2.827400105,6.979690234,0.0889559980116785
"210",6,0.150413584783695,0.14452433106987,0.159193935913399,0.158608579171419,"1NSUB","nsb_verdal","UB","trondelag",10,0.110463648,28.2697902,2.827400105,6.979690234,0.0889559980116785
"211",7,0.150413584783651,0.144524331063531,0.159193935913375,0.158608579171393,"1NSUB","nsb_verdal","UB","trondelag",10,0.110463648,28.2697902,2.827400105,6.979690234,0.0889559980116785
"212",8,0.150413584783665,0.144524331065957,0.159193935913382,0.158608579171401,"1NSUB","nsb_verdal","UB","trondelag",10,0.110463648,28.2697902,2.827400105,6.979690234,0.0889559980116785
"213",9,0.15041358478371,0.144524331071567,0.159193935913407,0.158608579171428,"1NSUB","nsb_verdal","UB","trondelag",10,0.110463648,28.2697902,2.827400105,6.979690234,0.0889559980116785
"214",10,0.150418459482228,0.144557226367304,0.159198219500101,0.158612902165576,"1NSUB","nsb_verdal","UB","trondelag",10,0.110463648,28.2697902,2.827400105,6.979690234,0.0889559980116785
"215",11,0.195624045630207,0.198686089446308,0.211810305168258,0.210731221199055,"1NSUB","nsb_verdal","UB","trondelag",10,0.110463648,28.2697902,2.827400105,6.979690234,0.0889559980116785
"216",12,0.158234578267633,0.15728658196102,0.166224735689269,0.165692058527826,"1NSUB","nsb_verdal","UB","trondelag",10,0.110463648,28.2697902,2.827400105,6.979690234,0.0889559980116785
"217",1,0.24154110018807,0.256971980370435,0.262899651431901,0.262216177792099,"1SUB","sub_namdalseid","UB","trondelag",12,0.077437345,75.88802955,8.758466457,7.375877596,0.106747202308662
"218",2,0.361084833402117,0.387064817054342,0.429779607388001,0.427581374620453,"1SUB","sub_namdalseid","UB","trondelag",12,0.077437345,75.88802955,8.758466457,7.375877596,0.106747202308662
"219",3,0.310424518148568,0.332948096487875,0.36456497151813,0.362832477010304,"1SUB","sub_namdalseid","UB","trondelag",12,0.077437345,75.88802955,8.758466457,7.375877596,0.106747202308662
"220",4,0.144406059696777,0.143004164563446,0.151826324409233,0.151588875938434,"1SUB","sub_namdalseid","UB","trondelag",12,0.077437345,75.88802955,8.758466457,7.375877596,0.106747202308662
"221",5,0.139596703299493,0.136776139760366,0.148677522927788,0.148386936699683,"1SUB","sub_namdalseid","UB","trondelag",12,0.077437345,75.88802955,8.758466457,7.375877596,0.106747202308662
"222",6,0.139596701613341,0.136776097552963,0.148677521717772,0.14838693547443,"1SUB","sub_namdalseid","UB","trondelag",12,0.077437345,75.88802955,8.758466457,7.375877596,0.106747202308662
"223",7,0.139596701606926,0.136776097147796,0.14867752171378,0.14838693547036,"1SUB","sub_namdalseid","UB","trondelag",12,0.077437345,75.88802955,8.758466457,7.375877596,0.106747202308662
"224",8,0.139596701607081,0.136776097165465,0.148677521713868,0.14838693547045,"1SUB","sub_namdalseid","UB","trondelag",12,0.077437345,75.88802955,8.758466457,7.375877596,0.106747202308662
"225",9,0.139596701607158,0.136776097172679,0.148677521713912,0.148386935470496,"1SUB","sub_namdalseid","UB","trondelag",12,0.077437345,75.88802955,8.758466457,7.375877596,0.106747202308662
"226",10,0.139599071170919,0.136794114397425,0.148679565985595,0.148388990151526,"1SUB","sub_namdalseid","UB","trondelag",12,0.077437345,75.88802955,8.758466457,7.375877596,0.106747202308662
"227",11,0.188544305375126,0.194599240416411,0.205504119444914,0.204961405394681,"1SUB","sub_namdalseid","UB","trondelag",12,0.077437345,75.88802955,8.758466457,7.375877596,0.106747202308662
"228",12,0.160904759370152,0.16466790920794,0.165872193550481,0.16571323565671,"1SUB","sub_namdalseid","UB","trondelag",12,0.077437345,75.88802955,8.758466457,7.375877596,0.106747202308662
"229",1,0.248741849827348,0.257103774494291,0.267130744534854,0.262163510774951,"1VBUB","verdal_1vb","UB","trondelag",11,0.011938921,28.2697902,2.827400105,6.979690234,0.0785777935490012
"230",2,0.367295917107787,0.384878090845271,0.41594897362664,0.400788218598286,"1VBUB","verdal_1vb","UB","trondelag",11,0.011938921,28.2697902,2.827400105,6.979690234,0.0785777935490012
"231",3,0.317368921208231,0.332807892587326,0.354774133432279,0.343972326050521,"1VBUB","verdal_1vb","UB","trondelag",11,0.011938921,28.2697902,2.827400105,6.979690234,0.0785777935490012
"232",4,0.150071605902753,0.145758063284791,0.158802562983389,0.152762480976216,"1VBUB","verdal_1vb","UB","trondelag",11,0.011938921,28.2697902,2.827400105,6.979690234,0.0785777935490012
"233",5,0.149270030729622,0.143722530841448,0.158082147047199,0.151455314391377,"1VBUB","verdal_1vb","UB","trondelag",11,0.011938921,28.2697902,2.827400105,6.979690234,0.0785777935490012
"234",6,0.149270029978793,0.143722509240689,0.158082146519668,0.151455304491764,"1VBUB","verdal_1vb","UB","trondelag",11,0.011938921,28.2697902,2.827400105,6.979690234,0.0785777935490012
"235",7,0.149270029978556,0.143722509215005,0.158082146519533,0.151455304480271,"1VBUB","verdal_1vb","UB","trondelag",11,0.011938921,28.2697902,2.827400105,6.979690234,0.0785777935490012
"236",8,0.149270029978674,0.143722509229243,0.158082146519599,0.151455304486637,"1VBUB","verdal_1vb","UB","trondelag",11,0.011938921,28.2697902,2.827400105,6.979690234,0.0785777935490012
"237",9,0.149270029978767,0.143722509238263,0.158082146519653,0.151455304490677,"1VBUB","verdal_1vb","UB","trondelag",11,0.011938921,28.2697902,2.827400105,6.979690234,0.0785777935490012
"238",10,0.14930703632002,0.143900909711379,0.158116393855274,0.151553696526453,"1VBUB","verdal_1vb","UB","trondelag",11,0.011938921,28.2697902,2.827400105,6.979690234,0.0785777935490012
"239",11,0.219791191950124,0.22275400035069,0.240830062973239,0.232211844279242,"1VBUB","verdal_1vb","UB","trondelag",11,0.011938921,28.2697902,2.827400105,6.979690234,0.0785777935490012
"240",12,0.179948441910613,0.182455756935518,0.185520429556327,0.184003575401364,"1VBUB","verdal_1vb","UB","trondelag",11,0.011938921,28.2697902,2.827400105,6.979690234,0.0785777935490012
"241",1,0.23894970038514,0.257458460018442,0.261813752660525,0.261249208159899,"2BBUB","steinkjer_2bbb","UB","trondelag",12,0.087040751,107.5650526,2.431337072,17.86445891,0.112677602245146
"242",2,0.357521931374905,0.387031784050696,0.430265820201102,0.428469674797986,"2BBUB","steinkjer_2bbb","UB","trondelag",12,0.087040751,107.5650526,2.431337072,17.86445891,0.112677602245146
"243",3,0.311746720218082,0.338690671384916,0.369635669248368,0.368206312482188,"2BBUB","steinkjer_2bbb","UB","trondelag",12,0.087040751,107.5650526,2.431337072,17.86445891,0.112677602245146
"244",4,0.140958810133329,0.140279424425328,0.148331446770693,0.148149406359894,"2BBUB","steinkjer_2bbb","UB","trondelag",12,0.087040751,107.5650526,2.431337072,17.86445891,0.112677602245146
"245",5,0.135871935962498,0.134015410416815,0.145056221568859,0.144829449084752,"2BBUB","steinkjer_2bbb","UB","trondelag",12,0.087040751,107.5650526,2.431337072,17.86445891,0.112677602245146
"246",6,0.13587193517125,0.134015387881914,0.145056221012116,0.144829448522218,"2BBUB","steinkjer_2bbb","UB","trondelag",12,0.087040751,107.5650526,2.431337072,17.86445891,0.112677602245146
"247",7,0.13587193517043,0.134015387809229,0.145056221011632,0.144829448521725,"2BBUB","steinkjer_2bbb","UB","trondelag",12,0.087040751,107.5650526,2.431337072,17.86445891,0.112677602245146
"248",8,0.13587193517055,0.134015387823684,0.145056221011699,0.144829448521794,"2BBUB","steinkjer_2bbb","UB","trondelag",12,0.087040751,107.5650526,2.431337072,17.86445891,0.112677602245146
"249",9,0.135871935170767,0.134015387843741,0.145056221011826,0.144829448521924,"2BBUB","steinkjer_2bbb","UB","trondelag",12,0.087040751,107.5650526,2.431337072,17.86445891,0.112677602245146
"250",10,0.135885215578855,0.134091296196875,0.145068193376354,0.144841453183823,"2BBUB","steinkjer_2bbb","UB","trondelag",12,0.087040751,107.5650526,2.431337072,17.86445891,0.112677602245146
"251",11,0.201977643063401,0.208925137451198,0.223846646720264,0.22330667132133,"2BBUB","steinkjer_2bbb","UB","trondelag",12,0.087040751,107.5650526,2.431337072,17.86445891,0.112677602245146
"252",12,0.209500972424281,0.228483079800647,0.222782039492737,0.222454111910799,"2BBUB","steinkjer_2bbb","UB","trondelag",12,0.087040751,107.5650526,2.431337072,17.86445891,0.112677602245146
"253",1,0.209765462365764,0.228624204317905,0.234860222491767,0.230075843177192,"2VBUB","verdal_2vb","UB","trondelag",13,0.241115185,28.2697902,2.827400105,6.979690234,1.59157115514278
"254",2,0.302754756727502,0.336819241275591,0.355441333866485,0.345302784016999,"2VBUB","verdal_2vb","UB","trondelag",13,0.241115185,28.2697902,2.827400105,6.979690234,1.59157115514278
"255",3,0.240832398497156,0.271083435288763,0.272382475340082,0.266478239995616,"2VBUB","verdal_2vb","UB","trondelag",13,0.241115185,28.2697902,2.827400105,6.979690234,1.59157115514278
"256",4,0.121820085209839,0.124183581808216,0.131373508029648,0.12947049824593,"2VBUB","verdal_2vb","UB","trondelag",13,0.241115185,28.2697902,2.827400105,6.979690234,1.59157115514278
"257",5,0.121267872142394,0.12262279718755,0.130857826258001,0.128930291947118,"2VBUB","verdal_2vb","UB","trondelag",13,0.241115185,28.2697902,2.827400105,6.979690234,1.59157115514278
"258",6,0.121267871624921,0.122622781360576,0.130857825897849,0.128930291295485,"2VBUB","verdal_2vb","UB","trondelag",13,0.241115185,28.2697902,2.827400105,6.979690234,1.59157115514278
"259",7,0.121267871624687,0.122622781335206,0.130857825897716,0.128930291294905,"2VBUB","verdal_2vb","UB","trondelag",13,0.241115185,28.2697902,2.827400105,6.979690234,1.59157115514278
"260",8,0.121267871624778,0.122622781346659,0.130857825897766,0.128930291295157,"2VBUB","verdal_2vb","UB","trondelag",13,0.241115185,28.2697902,2.827400105,6.979690234,1.59157115514278
"261",9,0.121267871624858,0.122622781354677,0.130857825897812,0.128930291295344,"2VBUB","verdal_2vb","UB","trondelag",13,0.241115185,28.2697902,2.827400105,6.979690234,1.59157115514278
"262",10,0.121289460142206,0.122736616626181,0.130877531211708,0.128951943137979,"2VBUB","verdal_2vb","UB","trondelag",13,0.241115185,28.2697902,2.827400105,6.979690234,1.59157115514278
"263",11,0.184514692537405,0.194891669233425,0.20734744851489,0.202879379107538,"2VBUB","verdal_2vb","UB","trondelag",13,0.241115185,28.2697902,2.827400105,6.979690234,1.59157115514278
"264",12,0.139430270595982,0.14945505911463,0.148756904273654,0.147029873500545,"2VBUB","verdal_2vb","UB","trondelag",13,0.241115185,28.2697902,2.827400105,6.979690234,1.59157115514278
"265",1,0.208548110901961,0.230760075731423,0.235389830846193,0.23424665865535,"BRUB","bratsberg","UB","trondelag",14,0.19644858,79.89208961,1.335197374,31.0221955,1.03040707776546
"266",2,0.311476441629996,0.351556079254224,0.39464783420213,0.390647511710046,"BRUB","bratsberg","UB","trondelag",14,0.19644858,79.89208961,1.335197374,31.0221955,1.03040707776546
"267",3,0.253871400136407,0.290317278685128,0.324011605695295,0.320680213808325,"BRUB","bratsberg","UB","trondelag",14,0.19644858,79.89208961,1.335197374,31.0221955,1.03040707776546
"268",4,0.118878443728549,0.121455218748661,0.128313012403582,0.127827845625216,"BRUB","bratsberg","UB","trondelag",14,0.19644858,79.89208961,1.335197374,31.0221955,1.03040707776546
"269",5,0.117971923196197,0.119900985953234,0.12765343152783,0.127144169115023,"BRUB","bratsberg","UB","trondelag",14,0.19644858,79.89208961,1.335197374,31.0221955,1.03040707776546
"270",6,0.117971922975305,0.119900978188468,0.127653431377373,0.127144168840415,"BRUB","bratsberg","UB","trondelag",14,0.19644858,79.89208961,1.335197374,31.0221955,1.03040707776546
"271",7,0.117971922975028,0.119900978159087,0.127653431377213,0.127144168839785,"BRUB","bratsberg","UB","trondelag",14,0.19644858,79.89208961,1.335197374,31.0221955,1.03040707776546
"272",8,0.117971922975078,0.119900978166029,0.127653431377241,0.127144168839924,"BRUB","bratsberg","UB","trondelag",14,0.19644858,79.89208961,1.335197374,31.0221955,1.03040707776546
"273",9,0.117971922975136,0.119900978172466,0.127653431377274,0.127144168840061,"BRUB","bratsberg","UB","trondelag",14,0.19644858,79.89208961,1.335197374,31.0221955,1.03040707776546
"274",10,0.117985717206599,0.119979328603333,0.127665879019085,0.127157720374512,"BRUB","bratsberg","UB","trondelag",14,0.19644858,79.89208961,1.335197374,31.0221955,1.03040707776546
"275",11,0.182583190479274,0.193722517783681,0.205769674282462,0.204653923429765,"BRUB","bratsberg","UB","trondelag",14,0.19644858,79.89208961,1.335197374,31.0221955,1.03040707776546
"276",12,0.131297431687121,0.140582511023113,0.140120562702187,0.13977640526447,"BRUB","bratsberg","UB","trondelag",14,0.19644858,79.89208961,1.335197374,31.0221955,1.03040707776546
"277",1,0.217906093388848,0.243161358706998,0.245676875939811,0.243455213335734,"FLUB","selbu_flub","UB","trondelag",12,0.271341572,56.44604547,5.437898015,4.380325628,1.84731964873597
"278",2,0.316996040201568,0.355976647948024,0.396750365270328,0.390370019264827,"FLUB","selbu_flub","UB","trondelag",12,0.271341572,56.44604547,5.437898015,4.380325628,1.84731964873597
"279",3,0.280715437658855,0.319316353034793,0.351554719439882,0.3458875768974,"FLUB","selbu_flub","UB","trondelag",12,0.271341572,56.44604547,5.437898015,4.380325628,1.84731964873597
"280",4,0.122642435975001,0.125153581265742,0.131695326462715,0.130971095223698,"FLUB","selbu_flub","UB","trondelag",12,0.271341572,56.44604547,5.437898015,4.380325628,1.84731964873597
"281",5,0.120695428535673,0.122154629923743,0.130301283906811,0.12953281547712,"FLUB","selbu_flub","UB","trondelag",12,0.271341572,56.44604547,5.437898015,4.380325628,1.84731964873597
"282",6,0.120695428186977,0.122154618537209,0.130301283666559,0.129532815228192,"FLUB","selbu_flub","UB","trondelag",12,0.271341572,56.44604547,5.437898015,4.380325628,1.84731964873597
"283",7,0.120695428186857,0.122154618522736,0.130301283666492,0.129532815228121,"FLUB","selbu_flub","UB","trondelag",12,0.271341572,56.44604547,5.437898015,4.380325628,1.84731964873597
"284",8,0.120695428186944,0.122154618533855,0.130301283666541,0.129532815228173,"FLUB","selbu_flub","UB","trondelag",12,0.271341572,56.44604547,5.437898015,4.380325628,1.84731964873597
"285",9,0.120695428186994,0.122154618538937,0.130301283666569,0.129532815228203,"FLUB","selbu_flub","UB","trondelag",12,0.271341572,56.44604547,5.437898015,4.380325628,1.84731964873597
"286",10,0.120791518456178,0.122533121749978,0.130389981895711,0.129622104820549,"FLUB","selbu_flub","UB","trondelag",12,0.271341572,56.44604547,5.437898015,4.380325628,1.84731964873597
"287",11,0.198545961897932,0.211918304063398,0.222835381478135,0.220892227911719,"FLUB","selbu_flub","UB","trondelag",12,0.271341572,56.44604547,5.437898015,4.380325628,1.84731964873597
"288",12,0.171968792040488,0.187280608384597,0.18640705217561,0.1852519913648,"FLUB","selbu_flub","UB","trondelag",12,0.271341572,56.44604547,5.437898015,4.380325628,1.84731964873597
"289",1,0.295458989417429,0.327147089549737,0.332837503265472,0.328249295387772,"HIUB","hi_tydal","UB","trondelag",11,0.214070788,16.47588281,0.419443553,0,1.00372009112835
"290",2,0.346948857600239,0.386360529586112,0.426423654443607,0.416385667706457,"HIUB","hi_tydal","UB","trondelag",11,0.214070788,16.47588281,0.419443553,0,1.00372009112835
"291",3,0.349823026484638,0.388876305594382,0.424888408223372,0.415425815460808,"HIUB","hi_tydal","UB","trondelag",11,0.214070788,16.47588281,0.419443553,0,1.00372009112835
"292",4,0.147690882762794,0.158674801915429,0.155606595030701,0.154678106744538,"HIUB","hi_tydal","UB","trondelag",11,0.214070788,16.47588281,0.419443553,0,1.00372009112835
"293",5,0.124621849160722,0.125329743474867,0.134118636737448,0.13287873427095,"HIUB","hi_tydal","UB","trondelag",11,0.214070788,16.47588281,0.419443553,0,1.00372009112835
"294",6,0.124621846511689,0.125329681557664,0.134118634815556,0.132878731654906,"HIUB","hi_tydal","UB","trondelag",11,0.214070788,16.47588281,0.419443553,0,1.00372009112835
"295",7,0.124621846511497,0.125329681536336,0.134118634815446,0.132878731654572,"HIUB","hi_tydal","UB","trondelag",11,0.214070788,16.47588281,0.419443553,0,1.00372009112835
"296",8,0.124621846511995,0.125329681583953,0.134118634815737,0.132878731655366,"HIUB","hi_tydal","UB","trondelag",11,0.214070788,16.47588281,0.419443553,0,1.00372009112835
"297",9,0.124621846512049,0.125329681588257,0.134118634815769,0.132878731655444,"HIUB","hi_tydal","UB","trondelag",11,0.214070788,16.47588281,0.419443553,0,1.00372009112835
"298",10,0.126075266963002,0.129049662902125,0.135601484661903,0.134380611589716,"HIUB","hi_tydal","UB","trondelag",11,0.214070788,16.47588281,0.419443553,0,1.00372009112835
"299",11,0.211748889938895,0.228030352556505,0.23569143229357,0.23271192130374,"HIUB","hi_tydal","UB","trondelag",11,0.214070788,16.47588281,0.419443553,0,1.00372009112835
"300",12,0.351096628399431,0.389929537482065,0.428228390181203,0.418492228624836,"HIUB","hi_tydal","UB","trondelag",11,0.214070788,16.47588281,0.419443553,0,1.00372009112835
"301",1,0.276739172592175,0.301075366258455,0.299675401938828,0.300303103913528,"KLUB","selbu_kl","UB","trondelag",13,0.116040591,56.44604547,5.437898015,4.380325628,0.0229803003148176
"302",2,0.376485938349652,0.401718299690761,0.444920255381248,0.40488092518971,"KLUB","selbu_kl","UB","trondelag",13,0.116040591,56.44604547,5.437898015,4.380325628,0.0229803003148176
"303",3,0.364619436098531,0.387862054835486,0.419654563953503,0.390064988873675,"KLUB","selbu_kl","UB","trondelag",13,0.116040591,56.44604547,5.437898015,4.380325628,0.0229803003148176
"304",4,0.1505604613353,0.148860767479846,0.156335263955436,0.149569442447203,"KLUB","selbu_kl","UB","trondelag",13,0.116040591,56.44604547,5.437898015,4.380325628,0.0229803003148176
"305",5,0.14128012292005,0.138007305521405,0.150314181066074,0.139186777778589,"KLUB","selbu_kl","UB","trondelag",13,0.116040591,56.44604547,5.437898015,4.380325628,0.0229803003148176
"306",6,0.141280121947964,0.138007278718224,0.15031418037859,0.139186753981179,"KLUB","selbu_kl","UB","trondelag",13,0.116040591,56.44604547,5.437898015,4.380325628,0.0229803003148176
"307",7,0.141280121947741,0.138007278693843,0.150314180378462,0.139186753959593,"KLUB","selbu_kl","UB","trondelag",13,0.116040591,56.44604547,5.437898015,4.380325628,0.0229803003148176
"308",8,0.141280121947958,0.13800727871766,0.150314180378586,0.139186753980679,"KLUB","selbu_kl","UB","trondelag",13,0.116040591,56.44604547,5.437898015,4.380325628,0.0229803003148176
"309",9,0.141280121948013,0.138007278722631,0.150314180378618,0.139186753985081,"KLUB","selbu_kl","UB","trondelag",13,0.116040591,56.44604547,5.437898015,4.380325628,0.0229803003148176
"310",10,0.141540211768834,0.138890230804846,0.150562665939548,0.139996807380932,"KLUB","selbu_kl","UB","trondelag",13,0.116040591,56.44604547,5.437898015,4.380325628,0.0229803003148176
"311",11,0.225532389104524,0.23366460189438,0.246913778873849,0.234624026137798,"KLUB","selbu_kl","UB","trondelag",13,0.116040591,56.44604547,5.437898015,4.380325628,0.0229803003148176
"312",12,0.332455862326361,0.353102532702465,0.379971392778805,0.354937579356031,"KLUB","selbu_kl","UB","trondelag",13,0.116040591,56.44604547,5.437898015,4.380325628,0.0229803003148176
"313",1,0.284903775213452,0.304860534041482,0.304949764086675,0.302207564423984,"LAUB","singsaas","UB","trondelag",11,0.042265252,36.25939668,6.648445301,2.712137721,0.0859908058103174
"314",2,0.391672589960282,0.410873381284544,0.45481802473849,0.412219466303882,"LAUB","singsaas","UB","trondelag",11,0.042265252,36.25939668,6.648445301,2.712137721,0.0859908058103174
"315",3,0.393718340273666,0.409393793420345,0.448133576371836,0.410747269263143,"LAUB","singsaas","UB","trondelag",11,0.042265252,36.25939668,6.648445301,2.712137721,0.0859908058103174
"316",4,0.155445558066446,0.151270963693519,0.161616855208644,0.152747211077921,"LAUB","singsaas","UB","trondelag",11,0.042265252,36.25939668,6.648445301,2.712137721,0.0859908058103174
"317",5,0.148449670972801,0.143144937788908,0.157284575065663,0.145109092193583,"LAUB","singsaas","UB","trondelag",11,0.042265252,36.25939668,6.648445301,2.712137721,0.0859908058103174
"318",6,0.14844967023873,0.143144916579953,0.157284574550224,0.145109075554036,"LAUB","singsaas","UB","trondelag",11,0.042265252,36.25939668,6.648445301,2.712137721,0.0859908058103174
"319",7,0.148449670238651,0.143144916569838,0.15728457455018,0.145109075546155,"LAUB","singsaas","UB","trondelag",11,0.042265252,36.25939668,6.648445301,2.712137721,0.0859908058103174
"320",8,0.148449670238883,0.143144916595053,0.157284574550313,0.145109075565809,"LAUB","singsaas","UB","trondelag",11,0.042265252,36.25939668,6.648445301,2.712137721,0.0859908058103174
"321",9,0.148449670238946,0.143144916600739,0.15728457455035,0.145109075570244,"LAUB","singsaas","UB","trondelag",11,0.042265252,36.25939668,6.648445301,2.712137721,0.0859908058103174
"322",10,0.14976897236963,0.14658269184925,0.158626813301512,0.148078117825502,"LAUB","singsaas","UB","trondelag",11,0.042265252,36.25939668,6.648445301,2.712137721,0.0859908058103174
"323",11,0.240774819330037,0.247530701651674,0.259857791840695,0.247725658692258,"LAUB","singsaas","UB","trondelag",11,0.042265252,36.25939668,6.648445301,2.712137721,0.0859908058103174
"324",12,0.404692127380364,0.422203326899907,0.46414747993034,0.423596869455562,"LAUB","singsaas","UB","trondelag",11,0.042265252,36.25939668,6.648445301,2.712137721,0.0859908058103174
"325",1,0.215307451180646,0.229849865095065,0.238401254296088,0.234658033027871,"MAUB","malvik","UB","trondelag",14,0.160287892,91.59537109,0.841762109,20.5676583,1.70943779575825
"326",2,0.319524405314446,0.35010634919963,0.372666766137099,0.363468215382599,"MAUB","malvik","UB","trondelag",14,0.160287892,91.59537109,0.841762109,20.5676583,1.70943779575825
"327",3,0.28132619350878,0.312821042992075,0.343785317215573,0.332071482702969,"MAUB","malvik","UB","trondelag",14,0.160287892,91.59537109,0.841762109,20.5676583,1.70943779575825
"328",4,0.130104028334903,0.131074775501964,0.138992422774667,0.13661303975356,"MAUB","malvik","UB","trondelag",14,0.160287892,91.59537109,0.841762109,20.5676583,1.70943779575825
"329",5,0.128374647981452,0.128290412985008,0.137767191674266,0.135027624082868,"MAUB","malvik","UB","trondelag",14,0.160287892,91.59537109,0.841762109,20.5676583,1.70943779575825
"330",6,0.128374647530283,0.128290398881752,0.137767191361333,0.135027620959877,"MAUB","malvik","UB","trondelag",14,0.160287892,91.59537109,0.841762109,20.5676583,1.70943779575825
"331",7,0.128374647529885,0.128290398842096,0.137767191361102,0.135027620951632,"MAUB","malvik","UB","trondelag",14,0.160287892,91.59537109,0.841762109,20.5676583,1.70943779575825
"332",8,0.128374647529987,0.12829039885472,0.137767191361159,0.135027620954243,"MAUB","malvik","UB","trondelag",14,0.160287892,91.59537109,0.841762109,20.5676583,1.70943779575825
"333",9,0.128374647530045,0.128290398860609,0.137767191361193,0.135027620955467,"MAUB","malvik","UB","trondelag",14,0.160287892,91.59537109,0.841762109,20.5676583,1.70943779575825
"334",10,0.128401757222355,0.128428037259446,0.137792080785378,0.135075580049998,"MAUB","malvik","UB","trondelag",14,0.160287892,91.59537109,0.841762109,20.5676583,1.70943779575825
"335",11,0.201800492183272,0.211629316587085,0.224644013813247,0.220016957422724,"MAUB","malvik","UB","trondelag",14,0.160287892,91.59537109,0.841762109,20.5676583,1.70943779575825
"336",12,0.153990508851913,0.163568642642578,0.161951583753914,0.161587415276078,"MAUB","malvik","UB","trondelag",14,0.160287892,91.59537109,0.841762109,20.5676583,1.70943779575825
"337",1,0.334185709856933,0.36589960749628,0.400064485734889,0.385409577916574,"SEUB","sl_tydal","UB","trondelag",11,0.132712131,16.47588281,0.419443553,0,0.379545579710836
"338",2,0.372070670892676,0.407695319919219,0.44454126900396,0.42850778608313,"SEUB","sl_tydal","UB","trondelag",11,0.132712131,16.47588281,0.419443553,0,0.379545579710836
"339",3,0.381406421820646,0.418422606071102,0.453263848608241,0.437567566620099,"SEUB","sl_tydal","UB","trondelag",11,0.132712131,16.47588281,0.419443553,0,0.379545579710836
"340",4,0.259941001412088,0.283993763965637,0.292407966853407,0.286188370873222,"SEUB","sl_tydal","UB","trondelag",11,0.132712131,16.47588281,0.419443553,0,0.379545579710836
"341",5,0.131021706551607,0.130339247964511,0.140340719273675,0.137652369454156,"SEUB","sl_tydal","UB","trondelag",11,0.132712131,16.47588281,0.419443553,0,0.379545579710836
"342",6,0.131021699111143,0.130339101332214,0.140340713731602,0.13765234681053,"SEUB","sl_tydal","UB","trondelag",11,0.132712131,16.47588281,0.419443553,0,0.379545579710836
"343",7,0.131021699110723,0.130339101291398,0.140340713731358,0.137652346805427,"SEUB","sl_tydal","UB","trondelag",11,0.132712131,16.47588281,0.419443553,0,0.379545579710836
"344",8,0.13102169911197,0.130339101393843,0.140340713732103,0.13765234681836,"SEUB","sl_tydal","UB","trondelag",11,0.132712131,16.47588281,0.419443553,0,0.379545579710836
"345",9,0.131021699111779,0.130339101380438,0.140340713731986,0.13765234681665,"SEUB","sl_tydal","UB","trondelag",11,0.132712131,16.47588281,0.419443553,0,0.379545579710836
"346",10,0.134506246227268,0.137872583116556,0.143993615996493,0.141740165750256,"SEUB","sl_tydal","UB","trondelag",11,0.132712131,16.47588281,0.419443553,0,0.379545579710836
"347",11,0.220544716828954,0.234928914480648,0.243147256344274,0.238536331319357,"SEUB","sl_tydal","UB","trondelag",11,0.132712131,16.47588281,0.419443553,0,0.379545579710836
"348",12,0.373495749526755,0.408494877589665,0.445368231142312,0.429427611650211,"SEUB","sl_tydal","UB","trondelag",11,0.132712131,16.47588281,0.419443553,0,0.379545579710836
"349",1,0.263247786649556,0.294627930760034,0.291575395947861,0.28874263501803,"SLUB","selbu_sl","UB","trondelag",14,0.124288986,56.44604547,5.437898015,4.380325628,0.693856789461896
"350",2,0.349555618390818,0.385156451898837,0.427408417427692,0.419623137524004,"SLUB","selbu_sl","UB","trondelag",14,0.124288986,56.44604547,5.437898015,4.380325628,0.693856789461896
"351",3,0.350205639853228,0.384758850834827,0.420084490049136,0.413096605029545,"SLUB","selbu_sl","UB","trondelag",14,0.124288986,56.44604547,5.437898015,4.380325628,0.693856789461896
"352",4,0.144180792536106,0.149372581119357,0.150398636845278,0.149776852414361,"SLUB","selbu_sl","UB","trondelag",14,0.124288986,56.44604547,5.437898015,4.380325628,0.693856789461896
"353",5,0.128580428025846,0.128450857515146,0.13796725510991,0.137028572401504,"SLUB","selbu_sl","UB","trondelag",14,0.124288986,56.44604547,5.437898015,4.380325628,0.693856789461896
"354",6,0.128580425514172,0.128450798305165,0.137967253290109,0.137028570512515,"SLUB","selbu_sl","UB","trondelag",14,0.124288986,56.44604547,5.437898015,4.380325628,0.693856789461896
"355",7,0.128580425513764,0.128450798264953,0.137967253289872,0.137028570512261,"SLUB","selbu_sl","UB","trondelag",14,0.124288986,56.44604547,5.437898015,4.380325628,0.693856789461896
"356",8,0.12858042551425,0.128450798311542,0.137967253290155,0.137028570512565,"SLUB","selbu_sl","UB","trondelag",14,0.124288986,56.44604547,5.437898015,4.380325628,0.693856789461896
"357",9,0.128580425514294,0.128450798315062,0.137967253290182,0.137028570512593,"SLUB","selbu_sl","UB","trondelag",14,0.124288986,56.44604547,5.437898015,4.380325628,0.693856789461896
"358",10,0.129158098794648,0.130184886207863,0.138538005871083,0.13760001516344,"SLUB","selbu_sl","UB","trondelag",14,0.124288986,56.44604547,5.437898015,4.380325628,0.693856789461896
"359",11,0.218538567122633,0.234246631694196,0.24177245589422,0.239449067017061,"SLUB","selbu_sl","UB","trondelag",14,0.124288986,56.44604547,5.437898015,4.380325628,0.693856789461896
"360",12,0.345095519585515,0.378196328787517,0.418679090010363,0.411320732967879,"SLUB","selbu_sl","UB","trondelag",14,0.124288986,56.44604547,5.437898015,4.380325628,0.693856789461896
